,datetime,project,business_type,business_line,version,chain,component,price,market_cap,market_cap_circulating,market_cap_fully_diluted,volume,vol_mc,pe,pe_circulating,ps,ps_circulating,tvl,gmv,revenue,revenue_supply_side,revenue_protocol,token_incentives
0,2022-02-18T00:00:00+00:00,Unit Protocol,total,total,total,total,,0.012110369225576557,7741855.669051623,3041052.4551016595,7741855.669051623,71625.66111393174,0.009251743273936013,,,,,9062074.846788818,,,,,
1,2022-02-17T00:00:00+00:00,Unit Protocol,total,total,total,total,,0.011978744778811973,7657711.45755904,3013894.9303617263,7657711.45755904,117955.81115335567,0.01540353300161496,,,,,9723006.568384195,,,,,
2,2022-02-16T00:00:00+00:00,Unit Protocol,total,total,total,total,,0.013082337962192731,8363210.933581522,3289363.2082489873,8363210.933581522,62604.54463485287,0.007485706761678274,,,,,10025561.271793857,,,,,
3,2022-02-15T00:00:00+00:00,Unit Protocol,total,total,total,total,,0.01253388933815176,8012601.46741861,3139069.050997492,8012601.46741861,36314.70232759736,0.004532198746594686,,,,,9402123.370845158,,,,,
4,2022-02-14T00:00:00+00:00,Unit Protocol,total,total,total,total,,0.012913929434337838,8255551.58052592,3247201.7122216546,8255551.58052592,79274.75773005864,0.009602599772625786,,,,,9247872.14853191,,,,,
5,2022-02-13T00:00:00+00:00,Unit Protocol,total,total,total,total,,0.01272920174530879,8137459.796542987,3192220.720668694,8137459.796542987,49503.50994256034,0.006083410693296545,,,,,9523768.973594619,,,,,
6,2022-02-12T00:00:00+00:00,Unit Protocol,total,total,total,total,,0.012905158795695537,8249944.730955166,3238568.6978232856,8249944.730955166,62981.01440596001,0.0076341134952874,,,,,6624169.590034729,,,,,
7,2022-02-11T00:00:00+00:00,Unit Protocol,total,total,total,total,,0.01409113440995594,9008109.231276728,3537661.398494803,9008109.231276728,96768.4336255915,0.010742369030074073,,,,,7054553.921149529,,,,,
8,2022-02-10T00:00:00+00:00,Unit Protocol,total,total,total,total,,0.013199104628455232,8437856.938201383,3313169.406957061,8437856.938201383,81536.42538241619,0.009663167553039425,,,,,7501359.184185368,,,,,
9,2022-02-09T00:00:00+00:00,Unit Protocol,total,total,total,total,,0.013025092144762954,8326615.116563638,3266909.578097422,8326615.116563638,56943.38134407585,0.0068387190409223775,,,,,7326762.413222384,,,,,
10,2022-02-08T00:00:00+00:00,Unit Protocol,total,total,total,total,,0.01361639747190851,8704621.799418041,3400039.019789657,8704621.799418041,61322.75957851135,0.007044850539354985,,,,,7386509.75732996,,,,,
11,2022-02-07T00:00:00+00:00,Unit Protocol,total,total,total,total,,0.01328418918269776,8492249.362275463,3334777.421119651,8492249.362275463,85748.46258936808,0.01009726150650764,,,,,7386509.75732996,,,,,
12,2022-02-06T00:00:00+00:00,Unit Protocol,total,total,total,total,,0.012576776101897849,8040017.901125167,3163491.3301677518,8040017.901125167,79431.28603088198,0.00987949119115343,,,,,7397470.708110269,,,,,
13,2022-02-05T00:00:00+00:00,Unit Protocol,total,total,total,total,,0.012790175760469735,8176438.956975326,3164655.321052623,8176438.956975326,79964.20129793778,0.009779832237323836,,,,,6992196.852841842,,,,,
14,2022-02-04T00:00:00+00:00,Unit Protocol,total,total,total,total,,0.011615643496240873,7425589.903661566,2898052.3298438294,7425589.903661566,42529.09022666335,0.0057273685698279965,,,,,6992196.852841842,,,,,
15,2022-02-03T00:00:00+00:00,Unit Protocol,total,total,total,total,,0.011614874042565239,7425098.011202317,2912010.2491816776,7425098.011202317,54989.66548595471,0.007405917794349822,,,,,7317211.636720987,,,,,
16,2022-02-02T00:00:00+00:00,Unit Protocol,total,total,total,total,,0.012507467018929604,7995710.3406454045,3142240.5073101157,7995710.3406454045,60068.490017954195,0.007512589558503883,,,,,7317211.636720987,,,,,
17,2022-02-01T00:00:00+00:00,Unit Protocol,total,total,total,total,,0.011626171226205927,7432320.017698062,2912593.2066041725,7432320.017698062,66960.77867433973,0.00900940466972503,,,,,7210420.533208676,,,,,
18,2022-01-31T00:00:00+00:00,Unit Protocol,total,total,total,total,,0.011033873019538355,7053678.611837857,2992926.8776579234,7053678.611837857,134005.93304426016,0.018998020808513205,,,,,7440882.720402768,,,,,
19,2022-01-30T00:00:00+00:00,Unit Protocol,total,total,total,total,,0.012982617187308377,8299461.940303086,3259926.163887589,8299461.940303086,111850.13910569192,0.013476794027156812,,,,,7785816.419081842,,,,,
20,2022-01-29T00:00:00+00:00,Unit Protocol,total,total,total,total,,0.01061797455906677,6787805.144730708,2665602.0958332694,6787805.144730708,105489.96191742562,0.015541100498342416,,,,,7785816.419081842,,,,,
21,2022-01-28T00:00:00+00:00,Unit Protocol,total,total,total,total,,0.009729954062471794,6220115.887058999,2436093.9860198093,6220115.887058999,177554.26275906787,0.028545169572880617,,,,,8613679.217753408,,,,,
22,2022-01-27T00:00:00+00:00,Unit Protocol,total,total,total,total,,0.012327026060072478,7880358.9558745045,3115961.450833791,7880358.9558745045,81145.1170968696,0.010297134629429416,,,,,8382092.712213439,,,,,
23,2022-01-26T00:00:00+00:00,Unit Protocol,total,total,total,total,,0.012769928352210008,8163495.296092707,3209055.5430204826,8163495.296092707,105459.65918069631,0.012918444288339636,,,,,8382092.712213439,,,,,
24,2022-01-25T00:00:00+00:00,Unit Protocol,total,total,total,total,,0.012142485627080547,7762386.87998515,3051306.017024164,7762386.87998515,72456.26795944711,0.009334276824860568,,,,,8851782.843769044,,,,,
25,2022-01-24T00:00:00+00:00,Unit Protocol,total,total,total,total,,0.012894852844333822,8243356.394424009,3234155.911543965,8243356.394424009,74278.49086479745,0.009010709632188302,,,,,8704774.803096846,,,,,
26,2022-01-23T00:00:00+00:00,Unit Protocol,total,total,total,total,,0.012180033906769458,7786390.554568316,3047215.9863625355,7786390.554568316,62086.94626456154,0.007973777558349524,,,,,8184349.91646592,,,,,
27,2022-01-22T00:00:00+00:00,Unit Protocol,total,total,total,total,,0.013801269105674384,8822805.603665268,3460303.0506654866,8822805.603665268,98241.20699190069,0.011134916873957672,,,,,10299887.823128214,,,,,
28,2022-01-21T00:00:00+00:00,Unit Protocol,total,total,total,total,,0.017536689970506832,11210766.586524567,4436530.190966842,11210766.586524567,76666.37265275833,0.006838637845239945,,,,,10299887.823128214,,,,,
29,2022-01-20T00:00:00+00:00,Unit Protocol,total,total,total,total,,0.017725898746486373,11331723.01713924,4341354.17000811,11331723.01713924,57731.11790929909,0.005094646050029703,,,,,11055604.354229858,,,,,
30,2022-01-19T00:00:00+00:00,Unit Protocol,total,total,total,total,,0.018410374482939747,11769291.208652208,4623559.0863139015,11769291.208652208,82742.18198391325,0.007030345372292704,,,,,11756244.89310527,,,,,
31,2022-01-18T00:00:00+00:00,Unit Protocol,total,total,total,total,,0.01804491975483816,11535665.155983258,4522073.029152345,11535665.155983258,65346.79087484858,0.005664761415249198,,,,,13382023.399058584,,,,,
32,2022-01-17T00:00:00+00:00,Unit Protocol,total,total,total,total,,0.019303386855541328,12340171.647603452,4843138.441155796,12340171.647603452,131570.03642937733,0.010661929200549584,,,,,12376870.059608715,,,,,
33,2022-01-16T00:00:00+00:00,Unit Protocol,total,total,total,total,,0.017912046822381667,11450722.818863653,4482810.965662319,11450722.818863653,69858.49438229452,0.006100793416046302,,,,,12435807.751488877,,,,,
34,2022-01-15T00:00:00+00:00,Unit Protocol,total,total,total,total,,0.017955807908109946,11478698.184710782,4496175.9142042305,11478698.184710782,47599.408937366636,0.00414676021369456,,,,,17997780.90969237,,,,,
35,2022-01-14T00:00:00+00:00,Unit Protocol,total,total,total,total,,0.017900976043988045,11443645.54757068,4491221.653728144,11443645.54757068,27575.340417775395,0.002409663974923554,,,,,17997780.90969237,,,,,
36,2022-01-13T00:00:00+00:00,Unit Protocol,total,total,total,total,,0.018143950834398754,11598973.24431877,4537590.3897353085,11598973.24431877,51606.70331884524,0.004449247552504049,,,,,15984138.253836412,,,,,
37,2022-01-12T00:00:00+00:00,Unit Protocol,total,total,total,total,,0.017712611717070247,11323228.952086885,4448229.613573989,11323228.952086885,78041.91781694502,0.006892196399734706,,,,,14201931.442595422,,,,,
38,2022-01-11T00:00:00+00:00,Unit Protocol,total,total,total,total,,0.017386891509081855,11115004.182736836,4361037.535177932,11115004.182736836,267131.11191863683,0.024033379342630296,,,,,13060462.102211371,,,,,
39,2022-01-10T00:00:00+00:00,Unit Protocol,total,total,total,total,,0.020187121760564555,12905121.233941697,5066873.049343047,12905121.233941697,1046957.9176440142,0.08112732136838942,,,,,13466997.620013693,,,,,
40,2022-01-09T00:00:00+00:00,Unit Protocol,total,total,total,total,,0.017566511473420456,11229830.726278776,4414920.677322018,11229830.726278776,9173.043934396857,0.0008168461447002171,,,,,14821502.553077642,,,,,
41,2022-01-08T00:00:00+00:00,Unit Protocol,total,total,total,total,,0.018033223941774326,11528188.315683361,4525397.605490481,11528188.315683361,26166.443627202763,0.00226977933658535,,,,,15301347.903460613,,,,,
42,2022-01-07T00:00:00+00:00,Unit Protocol,total,total,total,total,,0.01853407004586281,11848366.683331376,4616221.086883065,11848366.683331376,36864.82732981816,0.00311138474315457,,,,,14296220.221834537,,,,,
43,2022-01-06T00:00:00+00:00,Unit Protocol,total,total,total,total,,0.019321953212464462,12352040.654478606,4854493.999833858,12352040.654478606,79251.08099832923,0.006416031424701825,,,,,15663921.50452535,,,,,
44,2022-01-05T00:00:00+00:00,Unit Protocol,total,total,total,total,,0.02147499579425523,13728426.841147728,5323857.257637318,13728426.841147728,17127.135313137576,0.0012475672202879808,,,,,16739704.06496951,,,,,
45,2022-01-04T00:00:00+00:00,Unit Protocol,total,total,total,total,,0.02128060784873726,13604159.497190513,5340928.45278828,13604159.497190513,23764.20379973927,0.0017468336654423212,,,,,16573827.497813618,,,,,
46,2022-01-03T00:00:00+00:00,Unit Protocol,total,total,total,total,,0.021866917101792942,13978972.315035911,5489824.964726252,13978972.315035911,25144.576870113775,0.001798742876332049,,,,,16462883.314488735,,,,,
47,2022-01-02T00:00:00+00:00,Unit Protocol,total,total,total,total,,0.020774721567757396,13280759.070717309,5213487.976589573,13280759.070717309,25424.272580656194,0.0019143689336789543,,,,,13431023.756941384,,,,,
48,2022-01-01T00:00:00+00:00,Unit Protocol,total,total,total,total,,0.0206248360839878,13184941.03572466,5159145.6403859565,13184941.03572466,45400.928989364984,0.0034433926451662507,,,,,11894424.095596489,,,,,
49,2021-12-31T00:00:00+00:00,Unit Protocol,total,total,total,total,,0.021454987072848136,13715635.76679065,5382581.502449252,13715635.76679065,25861.56786324895,0.0018855537069500609,,,,,11441684.72800314,,,,,
50,2021-12-30T00:00:00+00:00,Unit Protocol,total,total,total,total,,0.02018776454549945,12905532.15024817,5053459.625899869,12905532.15024817,51976.40944195428,0.004027451858384219,,,,,11831111.061343208,,,,,
51,2021-12-29T00:00:00+00:00,Unit Protocol,total,total,total,total,,0.020611881193635793,13176659.29885558,5169353.555138158,13176659.29885558,42848.033025657416,0.0032518130774906546,,,,,11958269.042179104,,,,,
52,2021-12-28T00:00:00+00:00,Unit Protocol,total,total,total,total,,0.021672283122370725,13854547.687767105,5441861.176081715,13854547.687767105,92589.89459799069,0.0066829965643514355,,,,,11958269.042179104,,,,,
53,2021-12-27T00:00:00+00:00,Unit Protocol,total,total,total,total,,0.020742717322327537,13260299.558352353,5353475.085896954,13260299.558352353,279763.43854194373,0.021097821908987513,,,,,13545666.603381386,,,,,
54,2021-12-26T00:00:00+00:00,Unit Protocol,total,total,total,total,,0.024414595873769374,15607639.532059526,5996195.330426708,15607639.532059526,66906.48347626986,0.004286777852527782,,,,,15712810.169638325,,,,,
55,2021-12-25T00:00:00+00:00,Unit Protocol,total,total,total,total,,0.025520332142433506,16314509.02881724,6379255.743379781,16314509.02881724,147328.2441600573,0.009030504313664794,,,,,15712810.169638325,,,,,
56,2021-12-24T00:00:00+00:00,Unit Protocol,total,total,total,total,,0.025964229077431695,16598281.219299464,6451568.9851187,16598281.219299464,19133.423000718925,0.0011527351987790009,,,,,14935752.645589346,,,,,
57,2021-12-23T00:00:00+00:00,Unit Protocol,total,total,total,total,,0.02798042281342735,17887183.367052205,6956083.453607738,17887183.367052205,56912.62359530094,0.0031817543560342053,,,,,19644919.865760222,,,,,
58,2021-12-22T00:00:00+00:00,Unit Protocol,total,total,total,total,,0.028733684992256658,18368725.00800694,7031834.298001927,18368725.00800694,94465.92609390862,0.005142759013090503,,,,,18317845.617135342,,,,,
59,2021-12-21T00:00:00+00:00,Unit Protocol,total,total,total,total,,0.02463505225931725,15748571.776687369,6129022.829475873,15748571.776687369,89802.12964952379,0.005702239601336929,,,,,18328064.61254079,,,,,
60,2021-12-20T00:00:00+00:00,Unit Protocol,total,total,total,total,,0.026813242076223723,17141033.960802574,6669180.51453656,17141033.960802574,120195.5761026627,0.007012154364638744,,,,,17820242.473273404,,,,,
61,2021-12-19T00:00:00+00:00,Unit Protocol,total,total,total,total,,0.026891727272665304,17191207.58075502,6394659.348584163,17191207.58075502,118751.83883466595,0.006907707808007893,,,,,16100058.28809972,,,,,
62,2021-12-18T00:00:00+00:00,Unit Protocol,total,total,total,total,,0.02227822890789301,14241913.64890363,5707038.515317057,14241913.64890363,89603.77594762495,0.0062915545028966536,,,,,16364738.626530144,,,,,
63,2021-12-17T00:00:00+00:00,Unit Protocol,total,total,total,total,,0.02556003111481257,16339887.587360218,6345065.208088435,16339887.587360218,88676.96887708292,0.0054270244151299624,,,,,16364738.626530144,,,,,
64,2021-12-16T00:00:00+00:00,Unit Protocol,total,total,total,total,,0.025005776424631282,15985566.448561566,6296547.593516826,15985566.448561566,106909.39128477081,0.006687870062583292,,,,,16699024.67220976,,,,,
65,2021-12-15T00:00:00+00:00,Unit Protocol,total,total,total,total,,0.02559339453378905,16361215.985324873,6336257.773843782,16361215.985324873,132218.93291433202,0.008081241212934617,,,,,14252189.771695962,,,,,
66,2021-12-14T00:00:00+00:00,Unit Protocol,total,total,total,total,,0.026577241226066736,16990164.52935451,6597473.1925484,16990164.52935451,137181.27026585682,0.008074157847550204,,,,,14252189.771695962,,,,,
67,2021-12-13T00:00:00+00:00,Unit Protocol,total,total,total,total,,0.028841342270464705,18437547.609042868,7126694.275149751,18437547.609042868,101817.38758686256,0.005522284728199171,,,,,16399174.2920778,,,,,
68,2021-12-12T00:00:00+00:00,Unit Protocol,total,total,total,total,,0.029361715705165933,18770209.30997245,7244451.082876373,18770209.30997245,127071.36886569786,0.006769842933940323,,,,,16363251.273929695,,,,,
69,2021-12-11T00:00:00+00:00,Unit Protocol,total,total,total,total,,0.02960562548321148,18926134.72089312,7330030.75497944,18926134.72089312,178722.98055252517,0.009443184421340275,,,,,16363251.273929695,,,,,
70,2021-12-10T00:00:00+00:00,Unit Protocol,total,total,total,total,,0.03154585161902465,20166472.68491355,7815323.695042148,20166472.68491355,98622.47338903029,0.004890417621858548,,,,,16800665.281243023,,,,,
71,2021-12-09T00:00:00+00:00,Unit Protocol,total,total,total,total,,0.03391648901191437,21681961.78335062,8374808.6337678665,21681961.78335062,135029.65691932006,0.006227741671558895,,,,,18015622.79617716,,,,,
72,2021-12-08T00:00:00+00:00,Unit Protocol,total,total,total,total,,0.035067973804914,22418077.16566973,8652377.290655488,22418077.16566973,142330.72126169526,0.006348926369102503,,,,,18114299.810578305,,,,,
73,2021-12-07T00:00:00+00:00,Unit Protocol,total,total,total,total,,0.03669761001484147,23459862.770659667,9124365.848292153,23459862.770659667,222883.93311475002,0.009500649483487271,,,,,19541870.121315252,,,,,
74,2021-12-06T00:00:00+00:00,Unit Protocol,total,total,total,total,,0.04010691282388166,25639344.650034394,9884649.440380534,25639344.650034394,79171.40657600621,0.003087887294182459,,,,,17860249.510853123,,,,,
75,2021-12-05T00:00:00+00:00,Unit Protocol,total,total,total,total,,0.0398072633792573,25447786.26660428,9848037.339571696,25447786.26660428,67132.56592339964,0.002638051311028939,,,,,21192955.67254175,,,,,
76,2021-12-04T00:00:00+00:00,Unit Protocol,total,total,total,total,,0.04206854728798399,26893368.422030054,10208761.995078778,26893368.422030054,53484.53501338279,0.0019887629609673676,,,,,21192955.67254175,,,,,
77,2021-12-03T00:00:00+00:00,Unit Protocol,total,total,total,total,,0.04562851513534532,29169166.686093606,11074631.10332048,29169166.686093606,40552.24606958198,0.0013902435577261539,,,,,24138041.98079327,,,,,
78,2021-12-02T00:00:00+00:00,Unit Protocol,total,total,total,total,,0.04879095241695359,31190833.618009433,11755607.219868617,31190833.618009433,80705.06255757144,0.002587460904250175,,,,,24138041.98079327,,,,,
79,2021-12-01T00:00:00+00:00,Unit Protocol,total,total,total,total,,0.045451416376565426,29055951.88610663,11044710.947770294,29055951.88610663,82275.87623926795,0.002831635892080649,,,,,24677026.398236014,,,,,
80,2021-11-30T00:00:00+00:00,Unit Protocol,total,total,total,total,,0.04819609289589783,30810554.828024346,11709434.554004736,30810554.828024346,371690.06298940035,0.01206372507941085,,,,,31645494.677312545,,,,,
81,2021-11-29T00:00:00+00:00,Unit Protocol,total,total,total,total,,0.04124234823147279,26365200.06231501,9947489.426075753,26365200.06231501,196541.69150758715,0.00745458752609707,,,,,31645494.677312545,,,,,
82,2021-11-28T00:00:00+00:00,Unit Protocol,total,total,total,total,,0.03829495578433544,24481005.905988295,9322447.768389463,24481005.905988295,226114.01775430885,0.009236304203455918,,,,,27714712.974390447,,,,,
83,2021-11-27T00:00:00+00:00,Unit Protocol,total,total,total,total,,0.03858964510062,24669393.40362695,9359747.268342702,24669393.40362695,84920.61782142942,0.0034423472207850965,,,,,37385868.68419715,,,,,
84,2021-11-26T00:00:00+00:00,Unit Protocol,total,total,total,total,,0.04136219336429577,26441814.053488318,10010476.757897664,26441814.053488318,106987.54372648218,0.004046149916570037,,,,,37385868.68419715,,,,,
85,2021-11-25T00:00:00+00:00,Unit Protocol,total,total,total,total,,0.040387052990250576,25818431.240602735,9728391.04889246,25818431.240602735,94774.12881411372,0.0036707934704053383,,,,,37570035.24530672,,,,,
86,2021-11-24T00:00:00+00:00,Unit Protocol,total,total,total,total,,0.043155549633210374,27588261.79083753,10473612.305460948,27588261.79083753,234184.12261420052,0.008488542133958455,,,,,39637271.744345665,,,,,
87,2021-11-23T00:00:00+00:00,Unit Protocol,total,total,total,total,,0.0365393552790455,23358694.482504692,8866994.596791003,23358694.482504692,294742.6017042124,0.012618111081720347,,,,,39142136.11911962,,,,,
88,2021-11-22T00:00:00+00:00,Unit Protocol,total,total,total,total,,0.03887922697073456,24854515.83887576,9459087.576019889,24854515.83887576,327441.0891226735,0.013174309700714919,,,,,37611222.39233404,,,,,
89,2021-11-21T00:00:00+00:00,Unit Protocol,total,total,total,total,,0.0415108666623141,26536857.168496646,10073636.024536451,26536857.168496646,250511.3975812613,0.00944013060742766,,,,,37611222.39233404,,,,,
90,2021-11-20T00:00:00+00:00,Unit Protocol,total,total,total,total,,0.044593985139453195,28507817.5757307,10780355.35420536,28507817.5757307,369468.5378964645,0.012960253338052815,,,,,72630110.1633115,,,,,
91,2021-11-19T00:00:00+00:00,Unit Protocol,total,total,total,total,,0.040899062932021106,26145746.370015584,9914952.106592193,26145746.370015584,260519.6378552108,0.00996413084439538,,,,,67399651.9597399,,,,,
92,2021-11-18T00:00:00+00:00,Unit Protocol,total,total,total,total,,0.042866790750825765,27403665.471027814,10666002.589542067,27403665.471027814,219579.2103509214,0.008012767875270875,,,,,77668392.1108662,,,,,
93,2021-11-17T00:00:00+00:00,Unit Protocol,total,total,total,total,,0.04389404818439959,28060365.414485592,10554912.934675671,28060365.414485592,221262.3615363455,0.007885227375625099,,,,,84319832.74727787,,,,,
94,2021-11-16T00:00:00+00:00,Unit Protocol,total,total,total,total,,0.04395560160888608,28099714.976784967,10666626.814079018,28099714.976784967,298536.19951308065,0.0106241718024443,,,,,86811971.28723642,,,,,
95,2021-11-15T00:00:00+00:00,Unit Protocol,total,total,total,total,,0.04644200792198868,29689212.24578691,11333876.575475803,29689212.24578691,286602.58407037106,0.009653425011673787,,,,,88460544.55045709,,,,,
96,2021-11-14T00:00:00+00:00,Unit Protocol,total,total,total,total,,0.046842388912882005,29945165.78332081,11356834.764956137,29945165.78332081,261846.46360364987,0.008744198162011713,,,,,88752051.65736616,,,,,
97,2021-11-13T00:00:00+00:00,Unit Protocol,total,total,total,total,,0.04646388818822568,29703199.751869675,11053051.300212199,29703199.751869675,244394.09596456628,0.008227871004004638,,,,,88752051.65736616,,,,,
98,2021-11-12T00:00:00+00:00,Unit Protocol,total,total,total,total,,0.05212582502621098,33322734.135213945,12425205.78172982,33322734.135213945,310273.0340716039,0.009311151744409878,,,,,77727783.49052607,,,,,
99,2021-11-11T00:00:00+00:00,Unit Protocol,total,total,total,total,,0.0477453122621356,30522382.061365813,11376829.485122077,30522382.061365813,380211.9375046051,0.01245682387240229,,,,,75355213.51977824,,,,,
100,2021-11-10T00:00:00+00:00,Unit Protocol,total,total,total,total,,0.054251991836503186,34681939.31442899,12919201.628988441,34681939.31442899,449910.4584863516,0.012972471187595092,,,,,69912436.424346,,,,,
101,2021-11-09T00:00:00+00:00,Unit Protocol,total,total,total,total,,0.059739514458534704,38189975.05876453,14337710.52998664,38189975.05876453,865842.5501979461,0.022671985222971147,,,,,65024520.59680107,,,,,
102,2021-11-08T00:00:00+00:00,Unit Protocol,total,total,total,total,,0.06704481444023602,42860070.331996344,15932413.845352286,42860070.331996344,1881399.146380359,0.04389631495718376,,,,,63337379.74347309,,,,,
103,2021-11-07T00:00:00+00:00,Unit Protocol,total,total,total,total,,0.06071874030752543,38815969.61343756,14471647.834921645,38815969.61343756,6886145.402522163,0.17740495654495445,,,,,70110892.75438404,,,,,
104,2021-11-06T00:00:00+00:00,Unit Protocol,total,total,total,total,,0.04282303788690841,27375695.361178443,10205307.611478152,27375695.361178443,388205.23836458777,0.014180653066263399,,,,,74221437.54618375,,,,,
105,2021-11-05T00:00:00+00:00,Unit Protocol,total,total,total,total,,0.042248231855727764,27008236.26491054,8586528.745154396,27008236.26491054,3199288.221927843,0.11845602173157825,,,,,70644255.22024587,,,,,
106,2021-11-04T00:00:00+00:00,Unit Protocol,total,total,total,total,,0.04600265114907934,29408342.467192486,10949110.67355527,29408342.467192486,296700.1241619657,0.010088978135811631,,,,,70347011.20206194,,,,,
107,2021-11-03T00:00:00+00:00,Unit Protocol,total,total,total,total,,0.041863108041101764,26762036.25795682,9934718.336944709,26762036.25795682,194861.17270234306,0.00728125359461044,,,,,73535589.82968378,,,,,
108,2021-11-02T00:00:00+00:00,Unit Protocol,total,total,total,total,,0.04059996758911135,25954542.20993081,9688211.903360993,25954542.20993081,193037.21982131124,0.007437512026216772,,,,,77082140.1174737,,,,,
109,2021-11-01T00:00:00+00:00,Unit Protocol,total,total,total,total,,0.03823677332175434,24443811.315189067,9120594.48103748,24443811.315189067,4652190.097845218,0.19032179711493713,,,,,77082140.1174737,,,,,
110,2021-10-31T00:00:00+00:00,Unit Protocol,total,total,total,total,,0.040747982063778686,26049164.155675035,9713934.955236088,26049164.155675035,257017.01423143808,0.009866612713385075,,,,,107176424.17734642,,,,,
111,2021-10-30T00:00:00+00:00,Unit Protocol,total,total,total,total,,0.04279061444862694,27354967.86932465,9991284.219678672,27354967.86932465,384438.7553309909,0.01405370889731855,,,,,111917928.87863353,,,,,
112,2021-10-29T00:00:00+00:00,Unit Protocol,total,total,total,total,,0.0394349261079042,25209760.376449227,9392828.70677138,25209760.376449227,509857.45964126976,0.020224605550696738,,,,,111917928.87863353,,,,,
113,2021-10-28T00:00:00+00:00,Unit Protocol,total,total,total,total,,0.03539402195271248,22626511.57872515,8431541.083612759,22626511.57872515,4312502.812538578,0.1905951254365459,,,,,117912954.06759407,,,,,
114,2021-10-27T00:00:00+00:00,Unit Protocol,total,total,total,total,,0.054525163413729795,34856571.06052878,13039273.568862423,34856571.06052878,3768551.4722985593,0.10811595511659573,,,,,116483353.77412829,,,,,
115,2021-10-26T00:00:00+00:00,Unit Protocol,total,total,total,total,,0.061424481478322954,39267132.26440635,14681409.830419885,39267132.26440635,990856.2332457505,0.025233730504529636,,,,,134703106.57224232,,,,,
116,2021-10-25T00:00:00+00:00,Unit Protocol,total,total,total,total,,0.06031090117517768,38555248.27290575,14370871.513734976,38555248.27290575,1239863.3639183203,0.03215809570573093,,,,,127630053.84250876,,,,,
117,2021-10-24T00:00:00+00:00,Unit Protocol,total,total,total,total,,0.08873251276747358,56724472.574068524,20974786.122673944,56724472.574068524,155509.2735619407,0.0027414846979649386,,,,,127879345.95188335,,,,,
118,2021-10-23T00:00:00+00:00,Unit Protocol,total,total,total,total,,0.08740431898489082,55875391.56144581,20682647.454663116,55875391.56144581,804768.2967709781,0.01440291108986645,,,,,142579795.34244502,,,,,
119,2021-10-22T00:00:00+00:00,Unit Protocol,total,total,total,total,,0.10770461954660156,68852865.16771811,25497058.08062218,68852865.16771811,77997.83526624773,0.0011328190203305768,,,,,175931491.06229186,,,,,
120,2021-10-21T00:00:00+00:00,Unit Protocol,total,total,total,total,,0.11038280830441916,70564964.14928433,25951300.41083656,70564964.14928433,201272.71770573393,0.0028523038328189276,,,,,170214735.21708497,,,,,
121,2021-10-20T00:00:00+00:00,Unit Protocol,total,total,total,total,,0.11014970661932082,70415948.08143128,25925921.467891525,70415948.08143128,137875.15340986277,0.0019580103253089695,,,,,183878996.22222003,,,,,
122,2021-10-19T00:00:00+00:00,Unit Protocol,total,total,total,total,,0.11250652865541766,71922605.36835916,26227374.228557777,71922605.36835916,153157.4088770274,0.0021294752615344742,,,,,211102591.41153646,,,,,
123,2021-10-18T00:00:00+00:00,Unit Protocol,total,total,total,total,,0.11331227549024006,72437699.13509716,26559206.62386105,72437699.13509716,210535.02310052636,0.002906428912214289,,,,,220629589.23025966,,,,,
124,2021-10-17T00:00:00+00:00,Unit Protocol,total,total,total,total,,0.11396140852241386,72852673.62113428,26789748.61844033,72852673.62113428,214132.6629026922,0.0029392560665141205,,,,,221883475.1913062,,,,,
125,2021-10-16T00:00:00+00:00,Unit Protocol,total,total,total,total,,0.11839452285482518,75686652.5598977,27649014.200817876,75686652.5598977,257212.82088900995,0.0033983907623005806,,,,,248778141.5438177,,,,,
126,2021-10-15T00:00:00+00:00,Unit Protocol,total,total,total,total,,0.12261471487969537,78384515.6013668,28663995.120674584,78384515.6013668,257878.99493622925,0.0032899226710502577,,,,,266754658.845341,,,,,
127,2021-10-14T00:00:00+00:00,Unit Protocol,total,total,total,total,,0.1277086971953865,81640970.88643715,29802474.54206637,81640970.88643715,418881.02777248784,0.00513076979884466,,,,,301001754.7391705,,,,,
128,2021-10-13T00:00:00+00:00,Unit Protocol,total,total,total,total,,0.1120167526952942,71609503.8664298,26126469.087534923,71609503.8664298,208602.44583480526,0.0029130553148909205,,,,,317596228.1783791,,,,,
129,2021-10-12T00:00:00+00:00,Unit Protocol,total,total,total,total,,0.11307522387257009,72286157.97430083,26274438.542448577,72286157.97430083,300109.9773940199,0.00415169357182761,,,,,289290530.8465862,,,,,
130,2021-10-11T00:00:00+00:00,Unit Protocol,total,total,total,total,,0.1161023251904218,74221308.0148883,27176389.973039992,74221308.0148883,621933.6244965733,0.008379448451269783,,,,,320871977.9344845,,,,,
131,2021-10-10T00:00:00+00:00,Unit Protocol,total,total,total,total,,0.14074566485060735,89975177.71934311,32802486.321623985,89975177.71934311,494802.995617809,0.005499327794174892,,,,,340588644.9281342,,,,,
132,2021-10-09T00:00:00+00:00,Unit Protocol,total,total,total,total,,0.1482984374326173,94803476.02651612,34607467.39886151,94803476.02651612,227082.31046496748,0.002395295193621946,,,,,344577503.92240065,,,,,
133,2021-10-08T00:00:00+00:00,Unit Protocol,total,total,total,total,,0.15570659828767822,99539327.67931898,36199102.81692518,99539327.67931898,109112.75185236668,0.0010961773039485452,,,,,288596748.50427824,,,,,
134,2021-10-07T00:00:00+00:00,Unit Protocol,total,total,total,total,,0.1541949511745238,98572969.5481512,35334321.62619587,98572969.5481512,195943.90506482084,0.001987805642490111,,,,,247451428.26838994,,,,,
135,2021-10-06T00:00:00+00:00,Unit Protocol,total,total,total,total,,0.15769752496092782,100812077.22682336,36103115.35332796,100812077.22682336,193451.9529061446,0.0019189362844977893,,,,,247451428.26838994,,,,,
136,2021-10-05T00:00:00+00:00,Unit Protocol,total,total,total,total,,0.1538105055716951,98327203.1050096,35090063.21263857,98327203.1050096,123015.72571359806,0.001251085374433178,,,,,249209383.4316335,,,,,
137,2021-10-04T00:00:00+00:00,Unit Protocol,total,total,total,total,,0.15023242283743415,96039824.44754715,34419485.14950199,96039824.44754715,188236.10570003587,0.001959979693661793,,,,,247247886.61386678,,,,,
138,2021-10-03T00:00:00+00:00,Unit Protocol,total,total,total,total,,0.15328407999227858,97990672.41957581,35143920.65827646,97990672.41957581,240938.59503516037,0.0024587911184394276,,,,,258828962.34205544,,,,,
139,2021-10-02T00:00:00+00:00,Unit Protocol,total,total,total,total,,0.14148163968897104,90445667.99660334,32346591.76350599,90445667.99660334,243627.14776208633,0.0026936298128865128,,,,,266162777.5731343,,,,,
140,2021-10-01T00:00:00+00:00,Unit Protocol,total,total,total,total,,0.13820555240292293,88351347.46389538,31634668.099038813,88351347.46389538,404764.15082218254,0.004581301388613101,,,,,339305965.6362079,,,,,
141,2021-09-30T00:00:00+00:00,Unit Protocol,total,total,total,total,,0.13267170387436356,84813696.72802687,30279287.343412217,84813696.72802687,494575.899381921,0.005831321100975986,,,,,297103392.1835439,,,,,
142,2021-09-29T00:00:00+00:00,Unit Protocol,total,total,total,total,,0.11497543565757465,73500915.76624882,26726333.763006162,73500915.76624882,393039.6993284544,0.00534741227685405,,,,,291522710.18695074,,,,,
143,2021-09-28T00:00:00+00:00,Unit Protocol,total,total,total,total,,0.11681553229219467,74677243.4485006,26729150.8512163,74677243.4485006,312341.78735936084,0.004182556464805238,,,,,291865904.34975326,,,,,
144,2021-09-27T00:00:00+00:00,Unit Protocol,total,total,total,total,,0.1206424551058662,77123699.33503741,27548646.617054097,77123699.33503741,348956.70804890344,0.0045246365391911625,,,,,314873657.43814033,,,,,
145,2021-09-26T00:00:00+00:00,Unit Protocol,total,total,total,total,,0.11144087840446969,71241361.85853256,25456661.75231652,71241361.85853256,175156.02321956295,0.002458628227340443,,,,,309654173.2597992,,,,,
146,2021-09-25T00:00:00+00:00,Unit Protocol,total,total,total,total,,0.1076296455595671,68804936.17598033,24570880.464026716,68804936.17598033,251261.83340621565,0.003651799527341625,,,,,309102945.12496793,,,,,
147,2021-09-24T00:00:00+00:00,Unit Protocol,total,total,total,total,,0.1074705945096662,68703258.82416654,24565908.66407579,68703258.82416654,177048.86794299897,0.0025770082958673514,,,,,301372594.7040768,,,,,
148,2021-09-23T00:00:00+00:00,Unit Protocol,total,total,total,total,,0.1050067971485805,67128214.89181215,23941708.917749178,67128214.89181215,180921.45659548117,0.0026951626359655928,,,,,325082303.651808,,,,,
149,2021-09-22T00:00:00+00:00,Unit Protocol,total,total,total,total,,0.10575198802437723,67604596.75093237,23510302.35515969,67604596.75093237,358645.91780515836,0.005305052245581394,,,,,310439499.7393584,,,,,
150,2021-09-21T00:00:00+00:00,Unit Protocol,total,total,total,total,,0.10575198802437723,67604596.75093237,23510302.35515969,67604596.75093237,358645.91780515836,0.005305052245581394,,,,,259103899.6847454,,,,,
151,2021-09-20T00:00:00+00:00,Unit Protocol,total,total,total,total,,0.1144337932990601,73154657.37513319,25624140.079772532,73154657.37513319,260934.46362305988,0.0035668879191792513,,,,,295459933.8738685,,,,,
152,2021-09-19T00:00:00+00:00,Unit Protocol,total,total,total,total,,0.11916785833289949,76181026.55820355,26816399.976680364,76181026.55820355,212782.43351879486,0.0027931158601049513,,,,,368186977.320818,,,,,
153,2021-09-18T00:00:00+00:00,Unit Protocol,total,total,total,total,,0.11916785833289949,76181026.55820355,26816399.976680364,76181026.55820355,212782.43351879486,0.0027931158601049513,,,,,370214180.97670263,,,,,
154,2021-09-17T00:00:00+00:00,Unit Protocol,total,total,total,total,,0.12445949073514218,79563834.59227398,27797644.781100594,79563834.59227398,183227.26747554,0.0023028963902317024,,,,,391504275.1421881,,,,,
155,2021-09-16T00:00:00+00:00,Unit Protocol,total,total,total,total,,0.12579890728977086,80420090.041924,28047474.288840204,80420090.041924,186752.8811335362,0.0023222167624554957,,,,,391504275.1421881,,,,,
156,2021-09-15T00:00:00+00:00,Unit Protocol,total,total,total,total,,0.1283092780016543,82024907.15073436,28721688.883077648,82024907.15073436,169285.98987224643,0.0020638364096061132,,,,,409152206.86684275,,,,,
157,2021-09-14T00:00:00+00:00,Unit Protocol,total,total,total,total,,0.13384401649700006,85563126.82007487,29920579.020309903,85563126.82007487,119024.97800720617,0.0013910779377838312,,,,,362177673.41556686,,,,,
158,2021-09-13T00:00:00+00:00,Unit Protocol,total,total,total,total,,0.1427043694668073,91227328.5129704,31983594.665338416,91227328.5129704,159152.0336128572,0.0017445653205796713,,,,,364585009.525018,,,,,
159,2021-09-12T00:00:00+00:00,Unit Protocol,total,total,total,total,,0.1327028941821443,84833635.91044268,29814379.526452977,84833635.91044268,161742.00969529618,0.0019065787757351843,,,,,427015732.9563954,,,,,
160,2021-09-11T00:00:00+00:00,Unit Protocol,total,total,total,total,,0.12724098071578044,81341971.45779052,28489954.183787905,81341971.45779052,192848.445544642,0.0023708356471875496,,,,,439929588.25403243,,,,,
161,2021-09-10T00:00:00+00:00,Unit Protocol,total,total,total,total,,0.14093658807518875,90097230.1540003,31384392.28302193,90097230.1540003,115006.89191887104,0.0012764753336178421,,,,,424852257.3081747,,,,,
162,2021-09-09T00:00:00+00:00,Unit Protocol,total,total,total,total,,0.14292556366154552,91368732.42053077,32162480.618043136,91368732.42053077,274782.1273161867,0.0030073978267694842,,,,,473186442.1578777,,,,,
163,2021-09-08T00:00:00+00:00,Unit Protocol,total,total,total,total,,0.12547127411296094,80210642.35952812,27861868.86016961,80210642.35952812,209419.2806185873,0.0026108665191821724,,,,,455977747.2060205,,,,,
164,2021-09-07T00:00:00+00:00,Unit Protocol,total,total,total,total,,0.14814368412762455,94704546.11535929,32985347.65373623,94704546.11535929,164139.74197326976,0.0017331770089825645,,,,,495985414.9465878,,,,,
165,2021-09-06T00:00:00+00:00,Unit Protocol,total,total,total,total,,0.14860471176270157,94999269.53326075,33414773.52810304,94999269.53326075,139081.7616839107,0.0014640298011472182,,,,,522866779.99030095,,,,,
166,2021-09-05T00:00:00+00:00,Unit Protocol,total,total,total,total,,0.1493273977610472,95461264.58799616,33573597.82623463,95461264.58799616,257628.51705794796,0.002698775447505895,,,,,593080222.3194352,,,,,
167,2021-09-04T00:00:00+00:00,Unit Protocol,total,total,total,total,,0.16013240205016865,102368633.15386906,35756538.07336906,102368633.15386906,244173.71526499654,0.002385239577224617,,,,,535333189.99047506,,,,,
168,2021-09-03T00:00:00+00:00,Unit Protocol,total,total,total,total,,0.16203588033290778,103585479.13598973,36287003.29077893,103585479.13598973,199311.69261743748,0.0019241277279393174,,,,,516241340.2892232,,,,,
169,2021-09-02T00:00:00+00:00,Unit Protocol,total,total,total,total,,0.1737472322696565,111072253.04807581,38902959.24376324,111072253.04807581,194884.52229275572,0.001754574314868747,,,,,473099499.57563657,,,,,
170,2021-09-01T00:00:00+00:00,Unit Protocol,total,total,total,total,,0.15196339187552088,97146389.59109062,34040445.17448859,97146389.59109062,112373.81459048134,0.0011567472045382863,,,,,503963311.1739725,,,,,
171,2021-08-31T00:00:00+00:00,Unit Protocol,total,total,total,total,,0.15589659349911733,99660786.85842197,35116018.27440021,99660786.85842197,357476.5372339027,0.0035869327195031443,,,,,437684276.0815565,,,,,
172,2021-08-30T00:00:00+00:00,Unit Protocol,total,total,total,total,,0.16391371500238403,104785931.79854958,36547766.28746701,104785931.79854958,160508.8488622086,0.0015317786090864377,,,,,458097221.5642407,,,,,
173,2021-08-29T00:00:00+00:00,Unit Protocol,total,total,total,total,,0.1593787729533967,101886856.95146525,35661371.95804006,101886856.95146525,340468.9992400632,0.003341638062328773,,,,,380992917.7005363,,,,,
174,2021-08-28T00:00:00+00:00,Unit Protocol,total,total,total,total,,0.17224090219040558,110109293.96348551,38535180.959146336,110109293.96348551,237244.56674655233,0.0021546279901243164,,,,,350641340.2958254,,,,,
175,2021-08-27T00:00:00+00:00,Unit Protocol,total,total,total,total,,0.16615040990884636,106215794.82080685,37107297.608103685,106215794.82080685,286025.4659705865,0.002692871304622167,,,,,328178724.39463127,,,,,
176,2021-08-26T00:00:00+00:00,Unit Protocol,total,total,total,total,,0.1783085739536642,113988204.5204914,39715382.91921778,113988204.5204914,526146.3715001218,0.0046157966406562495,,,,,328178724.39463127,,,,,
177,2021-08-25T00:00:00+00:00,Unit Protocol,total,total,total,total,,0.18891232553048257,120766917.26897064,42049076.34096805,120766917.26897064,465655.17701992166,0.0038558173674568506,,,,,356607441.0666614,,,,,
178,2021-08-24T00:00:00+00:00,Unit Protocol,total,total,total,total,,0.19953200624578787,127555813.11664373,44554490.78385032,127555813.11664373,1167097.5453004907,0.009149700956656797,,,,,347083555.3585415,,,,,
179,2021-08-23T00:00:00+00:00,Unit Protocol,total,total,total,total,,0.17549537411699004,112189796.33837473,39010364.0742441,112189796.33837473,1263668.3991277923,0.011263666040683882,,,,,384664131.15295655,,,,,
180,2021-08-22T00:00:00+00:00,Unit Protocol,total,total,total,total,,0.12802469323073437,81842979.23581836,28591339.098612715,81842979.23581836,292251.07969259494,0.0035708753813875347,,,,,387660588.3825178,,,,,
181,2021-08-21T00:00:00+00:00,Unit Protocol,total,total,total,total,,0.12105814196720897,77389437.53212227,26883355.6793112,77389437.53212227,325867.9406982214,0.0042107547372076766,,,,,380359050.3983181,,,,,
182,2021-08-20T00:00:00+00:00,Unit Protocol,total,total,total,total,,0.12800627528412778,81831205.10394074,27870597.08618941,81831205.10394074,201696.24437857204,0.0024647839919060286,,,,,353952819.74719805,,,,,
183,2021-08-19T00:00:00+00:00,Unit Protocol,total,total,total,total,,0.12388021048806722,79193515.24186844,27539696.20303143,79193515.24186844,221447.08081609846,0.0027962779545745264,,,,,343114287.8436996,,,,,
184,2021-08-18T00:00:00+00:00,Unit Protocol,total,total,total,total,,0.12647233197703311,80850593.57452892,28173939.07843037,80850593.57452892,315214.46409900783,0.003898727890085802,,,,,312777235.37480485,,,,,
185,2021-08-17T00:00:00+00:00,Unit Protocol,total,total,total,total,,0.12970705440230987,82918470.58797687,28750087.650808815,82918470.58797687,454419.1147587821,0.005480312306009569,,,,,300134426.85208344,,,,,
186,2021-08-16T00:00:00+00:00,Unit Protocol,total,total,total,total,,0.125413974600983,80174012.2169307,27881634.630209103,80174012.2169307,233591.22276257706,0.0029135528621236765,,,,,311902572.8400597,,,,,
187,2021-08-15T00:00:00+00:00,Unit Protocol,total,total,total,total,,0.1287209399202579,82288072.30275494,28814973.45184381,82288072.30275494,485173.29571092664,0.005896034287033401,,,,,295917111.5949707,,,,,
188,2021-08-14T00:00:00+00:00,Unit Protocol,total,total,total,total,,0.1320650762309648,84425894.87223114,29036482.401729446,84425894.87223114,455282.48567139334,0.005392687709859764,,,,,293415479.9202813,,,,,
189,2021-08-13T00:00:00+00:00,Unit Protocol,total,total,total,total,,0.12772639969538327,81652287.65121976,28147917.21402946,81652287.65121976,208435.10544591837,0.0025527160529323478,,,,,297590191.6024859,,,,,
190,2021-08-12T00:00:00+00:00,Unit Protocol,total,total,total,total,,0.13211083690231804,84455148.52307668,29071605.42624098,84455148.52307668,300771.7102751079,0.0035613188246649574,,,,,270241825.0335909,,,,,
191,2021-08-11T00:00:00+00:00,Unit Protocol,total,total,total,total,,0.1257983996982588,80419765.551386,27778810.511611845,80419765.551386,455999.1108327217,0.005670236759660172,,,,,280639427.48173666,,,,,
192,2021-08-10T00:00:00+00:00,Unit Protocol,total,total,total,total,,0.1337676206518652,85514288.87007247,29100304.776759807,85514288.87007247,208919.61384060813,0.0024430959621032874,,,,,266375011.46015266,,,,,
193,2021-08-09T00:00:00+00:00,Unit Protocol,total,total,total,total,,0.13075760583035523,83590061.79856244,29020306.582152516,83590061.79856244,250690.38136166477,0.0029990452927979062,,,,,255110344.37912244,,,,,
194,2021-08-08T00:00:00+00:00,Unit Protocol,total,total,total,total,,0.13557669066439396,86670782.01006922,29753001.03086274,86670782.01006922,406913.58593846636,0.004694933823156136,,,,,243461788.27695853,,,,,
195,2021-08-07T00:00:00+00:00,Unit Protocol,total,total,total,total,,0.12327567263131334,78807049.33432353,27195905.61200136,78807049.33432353,1212245.9307678526,0.015382455516449242,,,,,259698567.6687265,,,,,
196,2021-08-06T00:00:00+00:00,Unit Protocol,total,total,total,total,,0.10532683066386926,67332804.30097666,22960537.368821125,67332804.30097666,633484.8521611358,0.009408264793628194,,,,,253769414.61465162,,,,,
197,2021-08-05T00:00:00+00:00,Unit Protocol,total,total,total,total,,0.10384816617446294,66387531.13492332,23008198.655126553,66387531.13492332,211416.74591178348,0.0031845851517223723,,,,,245779158.76178598,,,,,
198,2021-08-04T00:00:00+00:00,Unit Protocol,total,total,total,total,,0.10091856306218297,64514709.2547303,21946345.902470578,64514709.2547303,279203.72758350865,0.004327753016464801,,,,,232189309.3659925,,,,,
199,2021-08-03T00:00:00+00:00,Unit Protocol,total,total,total,total,,0.10878809041806348,69545500.95381492,23828987.021580115,69545500.95381492,404211.5340062359,0.005812188113716691,,,,,226130973.10274023,,,,,
200,2021-08-02T00:00:00+00:00,Unit Protocol,total,total,total,total,,0.11430558022731155,73072693.97023,25385536.803243387,73072693.97023,401796.48594139615,0.0054985859164449185,,,,,234612024.11410013,,,,,
201,2021-08-01T00:00:00+00:00,Unit Protocol,total,total,total,total,,0.11272706630318156,72063589.56188601,24682239.619477477,72063589.56188601,752052.2261641661,0.010435952895717561,,,,,234197478.56269085,,,,,
202,2021-07-31T00:00:00+00:00,Unit Protocol,total,total,total,total,,0.1452533243439416,92856811.51205371,31810139.717499297,92856811.51205371,241269.9794900358,0.0025983013584169497,,,,,228081173.83536273,,,,,
203,2021-07-30T00:00:00+00:00,Unit Protocol,total,total,total,total,,0.14581446674193219,93215535.7899109,32000002.38159754,93215535.7899109,161905.91872646761,0.0017368984403133298,,,,,228250635.58199844,,,,,
204,2021-07-29T00:00:00+00:00,Unit Protocol,total,total,total,total,,0.14058849283071354,89874701.58434126,30757733.218837846,89874701.58434126,173700.367562876,0.0019326947906455087,,,,,224486990.30175924,,,,,
205,2021-07-28T00:00:00+00:00,Unit Protocol,total,total,total,total,,0.1398840722278032,89424383.1393412,30557738.908451013,89424383.1393412,177760.52291090757,0.0019878305745080834,,,,,212161888.91719732,,,,,
206,2021-07-27T00:00:00+00:00,Unit Protocol,total,total,total,total,,0.1369312183765912,87536697.6442032,29859391.51344593,87536697.6442032,376913.62196034926,0.004305778400418204,,,,,211426302.83088875,,,,,
207,2021-07-26T00:00:00+00:00,Unit Protocol,total,total,total,total,,0.13766837905171947,88007945.99720064,29912082.5377476,88007945.99720064,232816.7986882692,0.0026454065715347413,,,,,159891952.66990432,,,,,
208,2021-07-25T00:00:00+00:00,Unit Protocol,total,total,total,total,,0.13950641990874632,89182959.47233638,30369350.5567042,89182959.47233638,208872.5796832882,0.0023420682708794644,,,,,159891952.66990432,,,,,
209,2021-07-24T00:00:00+00:00,Unit Protocol,total,total,total,total,,0.1405371716658481,89841893.24928927,30351842.13447182,89841893.24928927,175661.22586359334,0.001955226225878571,,,,,158544131.2409216,,,,,
210,2021-07-23T00:00:00+00:00,Unit Protocol,total,total,total,total,,0.13684503046190863,87481599.86944008,29718853.66305971,87481599.86944008,232632.3657687508,0.002659214807638837,,,,,158136528.6591129,,,,,
211,2021-07-22T00:00:00+00:00,Unit Protocol,total,total,total,total,,0.14179868412344152,90648346.56128019,30656939.474597394,90648346.56128019,356978.5084922926,0.003938058685394417,,,,,153559502.40288806,,,,,
212,2021-07-21T00:00:00+00:00,Unit Protocol,total,total,total,total,,0.12785824373968846,81736572.24591891,27736825.738443404,81736572.24591891,363913.15084425104,0.004452268315697825,,,,,146891689.87390524,,,,,
213,2021-07-20T00:00:00+00:00,Unit Protocol,total,total,total,total,,0.1270343839469519,81209899.3189341,27627096.01920873,81209899.3189341,515484.8173243875,0.006347561339781173,,,,,132743834.08799392,,,,,
214,2021-07-19T00:00:00+00:00,Unit Protocol,total,total,total,total,,0.14603248885938025,93354911.86792338,31583958.69399532,93354911.86792338,347040.5845788191,0.0037174325124938795,,,,,138716129.351093,,,,,
215,2021-07-18T00:00:00+00:00,Unit Protocol,total,total,total,total,,0.1482349173815085,94762869.24908307,32091402.891565796,94762869.24908307,339176.4159232761,0.003579212181004724,,,,,136424937.52669922,,,,,
216,2021-07-17T00:00:00+00:00,Unit Protocol,total,total,total,total,,0.1478227244435987,94499364.62972261,31959517.19595148,94499364.62972261,268449.0155000342,0.00284074942251622,,,,,138996388.25264922,,,,,
217,2021-07-16T00:00:00+00:00,Unit Protocol,total,total,total,total,,0.15356695625592878,98171508.1285941,33334648.81294284,98171508.1285941,527549.5067488359,0.005373753717400398,,,,,165759910.20896044,,,,,
218,2021-07-15T00:00:00+00:00,Unit Protocol,total,total,total,total,,0.14826142031090145,94779811.9079191,32181113.45208333,94779811.9079191,227238.54290669414,0.0023975416107331164,,,,,175152913.92673966,,,,,
219,2021-07-14T00:00:00+00:00,Unit Protocol,total,total,total,total,,0.15208012506203758,97221014.1929477,33079956.728327747,97221014.1929477,302355.84348972124,0.0031099844616890838,,,,,181447702.22619414,,,,,
220,2021-07-13T00:00:00+00:00,Unit Protocol,total,total,total,total,,0.15767787903899697,100799518.08108296,34347742.159451135,100799518.08108296,361335.3134664755,0.0035846928670414677,,,,,185739336.08695328,,,,,
221,2021-07-12T00:00:00+00:00,Unit Protocol,total,total,total,total,,0.16998404999728076,108666544.89282511,36874021.374966666,108666544.89282511,381541.1657214025,0.00351111895659981,,,,,193547450.4688563,,,,,
222,2021-07-11T00:00:00+00:00,Unit Protocol,total,total,total,total,,0.17310229809481623,110659962.78634644,37473065.67982115,110659962.78634644,367941.25713524676,0.0033249718133887217,,,,,199657237.98381284,,,,,
223,2021-07-10T00:00:00+00:00,Unit Protocol,total,total,total,total,,0.16406097779585752,104880073.21333694,35575312.78111431,104880073.21333694,316446.9792206077,0.0030172269099862444,,,,,197659994.2879354,,,,,
224,2021-07-09T00:00:00+00:00,Unit Protocol,total,total,total,total,,0.16575967743046335,105966009.33561592,35960583.5792379,105966009.33561592,343556.35391475447,0.0032421373237397433,,,,,202833602.34698537,,,,,
225,2021-07-08T00:00:00+00:00,Unit Protocol,total,total,total,total,,0.1927381699196335,123212683.74572703,41813125.75678009,123212683.74572703,487302.3186933214,0.003954968789568475,,,,,202109490.742311,,,,,
226,2021-07-07T00:00:00+00:00,Unit Protocol,total,total,total,total,,0.19669304334416177,125740935.2524938,42548815.3199251,125740935.2524938,1499135.2105608708,0.011922411802890887,,,,,218552135.27628246,,,,,
227,2021-07-06T00:00:00+00:00,Unit Protocol,total,total,total,total,,0.15434464395175343,98668664.39068033,33563745.02428833,98668664.39068033,694497.8748055114,0.007038687298488553,,,,,218732977.89373338,,,,,
228,2021-07-05T00:00:00+00:00,Unit Protocol,total,total,total,total,,0.149329476247325,95462593.3122054,32210975.53299799,95462593.3122054,660494.504986602,0.006918882905542796,,,,,200381607.22936726,,,,,
229,2021-07-04T00:00:00+00:00,Unit Protocol,total,total,total,total,,0.13384443630362403,85563395.19193299,28866875.84287686,85563395.19193299,200158.76467954836,0.0023393036733822775,,,,,204509821.80683506,,,,,
230,2021-07-03T00:00:00+00:00,Unit Protocol,total,total,total,total,,0.13023900558987284,83258533.65627667,28226763.158627708,83258533.65627667,547866.8614399586,0.006580308796954847,,,,,197170252.30426267,,,,,
231,2021-07-02T00:00:00+00:00,Unit Protocol,total,total,total,total,,0.12968912186249743,82907006.76450282,28282350.01859885,82907006.76450282,637684.0034300922,0.007691557424590569,,,,,189258104.826516,,,,,
232,2021-07-01T00:00:00+00:00,Unit Protocol,total,total,total,total,,0.14722615359194416,94117991.82895628,31847229.631030653,94117991.82895628,788626.9063552604,0.008379130185740236,,,,,192285316.84536,,,,,
233,2021-06-30T00:00:00+00:00,Unit Protocol,total,total,total,total,,0.12317981901120766,78745772.516219,26668156.615059055,78745772.516219,799123.2121406414,0.010148141120541406,,,,,118676026.26458877,,,,,
234,2021-06-29T00:00:00+00:00,Unit Protocol,total,total,total,total,,0.13830862453065368,88417238.89309378,29803686.201006915,88417238.89309378,781562.0214848386,0.008839475551027254,,,,,148474670.12452167,,,,,
235,2021-06-28T00:00:00+00:00,Unit Protocol,total,total,total,total,,0.12294643046379118,78596573.06447215,26374589.250138517,78596573.06447215,654654.9954139572,0.008329307117206608,,,,,218113544.97936344,,,,,
236,2021-06-27T00:00:00+00:00,Unit Protocol,total,total,total,total,,0.11473233437646427,73345507.20716514,24481521.26360099,73345507.20716514,581199.8228597002,0.00792413666481432,,,,,243881563.03066656,,,,,
237,2021-06-26T00:00:00+00:00,Unit Protocol,total,total,total,total,,0.1480748522971282,94660543.65042916,31047181.450267818,94660543.65042916,1657522.4097604577,0.01751017209325887,,,,,233578596.86311185,,,,,
238,2021-06-25T00:00:00+00:00,Unit Protocol,total,total,total,total,,0.16963238230446553,108441732.54643571,36471663.87668723,108441732.54643571,833193.4007249973,0.007683328006293301,,,,,245489343.6798893,,,,,
239,2021-06-24T00:00:00+00:00,Unit Protocol,total,total,total,total,,0.18918662733450958,120942271.54075062,40271427.5302567,120942271.54075062,339157.5429102115,0.0028042928133356153,,,,,274566328.91431284,,,,,
240,2021-06-23T00:00:00+00:00,Unit Protocol,total,total,total,total,,0.1937125572429698,123835585.1521591,41635126.270539254,123835585.1521591,1816337.4957420547,0.014667330828293716,,,,,272729742.06791246,,,,,
241,2021-06-22T00:00:00+00:00,Unit Protocol,total,total,total,total,,0.2304993386826909,147352452.98091096,49682671.77984988,147352452.98091096,1224939.4038027816,0.00831298956361092,,,,,216747934.87484577,,,,,
242,2021-06-21T00:00:00+00:00,Unit Protocol,total,total,total,total,,0.3027604731934269,193547186.05994385,65054119.5307069,193547186.05994385,1301862.4363843077,0.006726330993937083,,,,,355505245.3083628,,,,,
243,2021-06-20T00:00:00+00:00,Unit Protocol,total,total,total,total,,0.29857044879481326,190868608.42621136,64455781.387499355,190868608.42621136,1338697.1939721813,0.007013710662063707,,,,,463128752.7349671,,,,,
244,2021-06-19T00:00:00+00:00,Unit Protocol,total,total,total,total,,0.2984092167025142,190765536.7886297,64389300.27274375,190765536.7886297,1302084.3346528076,0.006825574244553046,,,,,451140684.01429754,,,,,
245,2021-06-18T00:00:00+00:00,Unit Protocol,total,total,total,total,,0.36310136485680317,232121606.50066325,78213580.93366155,232121606.50066325,1612776.8064422153,0.006947982269964201,,,,,459153618.79210544,,,,,
246,2021-06-17T00:00:00+00:00,Unit Protocol,total,total,total,total,,0.4026429293732034,257399538.1402652,86447792.31680773,257399538.1402652,2013973.9331655148,0.007824310594015272,,,,,500447101.9826711,,,,,
247,2021-06-16T00:00:00+00:00,Unit Protocol,total,total,total,total,,0.44753991796449444,286101058.23221636,96138643.22189319,286101058.23221636,1825786.8388436248,0.00638161511923423,,,,,471290249.9721452,,,,,
248,2021-06-15T00:00:00+00:00,Unit Protocol,total,total,total,total,,0.4616608242170349,295128199.85664296,98760397.54946573,295128199.85664296,1656483.7930052453,0.005612760128682634,,,,,511045279.15816945,,,,,
249,2021-06-14T00:00:00+00:00,Unit Protocol,total,total,total,total,,0.45104666206929717,288342831.8909702,96679895.76716591,288342831.8909702,1836906.0906574852,0.006370562703469828,,,,,513644644.5019647,,,,,
250,2021-06-13T00:00:00+00:00,Unit Protocol,total,total,total,total,,0.4225065151201526,270097830.9056033,90807112.54446758,270097830.9056033,1496339.1001224741,0.0055399893257396466,,,,,497059026.1157226,,,,,
251,2021-06-12T00:00:00+00:00,Unit Protocol,total,total,total,total,,0.43244598569907006,276451885.4530277,92949677.59539026,276451885.4530277,1879526.7282967167,0.0067987480903474225,,,,,460113758.74976814,,,,,
252,2021-06-11T00:00:00+00:00,Unit Protocol,total,total,total,total,,0.4540956103952288,290291948.17653376,97836975.98123676,290291948.17653376,2182471.7068762216,0.0075181958045526165,,,,,472285445.1984394,,,,,
253,2021-06-10T00:00:00+00:00,Unit Protocol,total,total,total,total,,0.5140474719817865,328617671.4347355,110676896.16340287,328617671.4347355,2492096.507924115,0.007583574240069598,,,,,554266772.4947631,,,,,
254,2021-06-09T00:00:00+00:00,Unit Protocol,total,total,total,total,,0.4730453634676823,302406050.6054891,102025677.9907628,302406050.6054891,2060480.6476773545,0.006813622424391908,,,,,602696589.3205462,,,,,
255,2021-06-08T00:00:00+00:00,Unit Protocol,total,total,total,total,,0.4680964342058592,299242324.1040325,101006860.2863042,299242324.1040325,2383212.7126641655,0.007964156540355014,,,,,572407545.7549775,,,,,
256,2021-06-07T00:00:00+00:00,Unit Protocol,total,total,total,total,,0.5177620089854508,330992281.88831156,112411706.03195238,330992281.88831156,2142442.566775053,0.006472787082986993,,,,,550032718.2051461,,,,,
257,2021-06-06T00:00:00+00:00,Unit Protocol,total,total,total,total,,0.44450911679952937,284163542.9720542,95080126.34781861,284163542.9720542,1710983.560670469,0.0060211227055214965,,,,,607532291.3420347,,,,,
258,2021-06-05T00:00:00+00:00,Unit Protocol,total,total,total,total,,0.4475786137104847,286125795.4532608,96378374.1522788,286125795.4532608,1412620.570086921,0.004937061224588804,,,,,555960080.3364639,,,,,
259,2021-06-04T00:00:00+00:00,Unit Protocol,total,total,total,total,,0.4775791626176598,305304394.8258672,100408713.93928973,305304394.8258672,643538.9060373106,0.0021078599487713177,,,,,516083824.9781466,,,,,
260,2021-06-03T00:00:00+00:00,Unit Protocol,total,total,total,total,,0.4782701391491917,305746118.8128224,102543740.52513032,305746118.8128224,1945017.335377075,0.006361543829008712,,,,,509632518.3943309,,,,,
261,2021-06-02T00:00:00+00:00,Unit Protocol,total,total,total,total,,0.4563821577485485,291753680.6192133,98981235.05003108,291753680.6192133,1824169.7407556693,0.006252430944089826,,,,,364713426.5128219,,,,,
262,2021-06-01T00:00:00+00:00,Unit Protocol,total,total,total,total,,0.44130889240067045,282117719.6826851,94017469.86938274,282117719.6826851,1645326.4338340731,0.005832056333379809,,,,,336494778.08934224,,,,,
263,2021-05-31T00:00:00+00:00,Unit Protocol,total,total,total,total,,0.4010004724131111,256349556.5508675,85369949.4876283,256349556.5508675,1943812.9848089793,0.007582665681043486,,,,,341804913.8560013,,,,,
264,2021-05-30T00:00:00+00:00,Unit Protocol,total,total,total,total,,0.4282988515865893,273800726.50477546,91994907.43000601,273800726.50477546,1746927.1286740743,0.006380286681392737,,,,,302777274.3724296,,,,,
265,2021-05-29T00:00:00+00:00,Unit Protocol,total,total,total,total,,0.4069048052168999,260124048.60288864,87701903.71371166,260124048.60288864,249174.6929701357,0.0009579071766276078,,,,,291186365.4345837,,,,,
266,2021-05-28T00:00:00+00:00,Unit Protocol,total,total,total,total,,0.4543858587873737,290477496.7026195,97655581.71734579,290477496.7026195,1816215.7749393375,0.0062525179938421,,,,,299391555.11047965,,,,,
267,2021-05-27T00:00:00+00:00,Unit Protocol,total,total,total,total,,0.5157074005393736,329678822.1787306,110295891.78336297,329678822.1787306,2116145.118073903,0.006418808172417777,,,,,351464002.40309006,,,,,
268,2021-05-26T00:00:00+00:00,Unit Protocol,total,total,total,total,,0.45615068873829745,291605708.27949,96735829.47411388,291605708.27949,1931949.1992577617,0.006625210496243378,,,,,377387767.5229874,,,,,
269,2021-05-25T00:00:00+00:00,Unit Protocol,total,total,total,total,,0.4213072647603569,269331180.19300663,91072515.7991421,269331180.19300663,1990458.9413070509,0.0073903769325209916,,,,,333218936.30046564,,,,,
270,2021-05-24T00:00:00+00:00,Unit Protocol,total,total,total,total,,0.42442770913481953,271326002.11134857,90743464.79626474,271326002.11134857,2892238.9714625096,0.010659645404260124,,,,,333608633.79015243,,,,,
271,2021-05-23T00:00:00+00:00,Unit Protocol,total,total,total,total,,0.46682923340341104,298432234.37567466,99216186.40802842,298432234.37567466,2098864.7824385567,0.0070329694338462385,,,,,265450976.68689558,,,,,
272,2021-05-22T00:00:00+00:00,Unit Protocol,total,total,total,total,,0.4648281792281219,297153010.5698205,98451210.14728126,297153010.5698205,2128946.090904412,0.007164477609773986,,,,,333254585.47437125,,,,,
273,2021-05-21T00:00:00+00:00,Unit Protocol,total,total,total,total,,0.5819474302993862,372024413.8253212,122967218.39770485,372024413.8253212,4249735.252999637,0.011423269804532345,,,,,345090949.20129436,,,,,
274,2021-05-20T00:00:00+00:00,Unit Protocol,total,total,total,total,,0.43082324556774904,275414508.33833724,92796899.90216242,275414508.33833724,3858189.8394363034,0.01400866592945296,,,,,436426296.48315287,,,,,
275,2021-05-19T00:00:00+00:00,Unit Protocol,total,total,total,total,,0.4757490146518034,304134427.0783319,99832249.288326,304134427.0783319,1905180.7966940505,0.006264272068756485,,,,,385835050.9414939,,,,,
276,2021-05-18T00:00:00+00:00,Unit Protocol,total,total,total,total,,0.4683494601521493,299404077.25294274,98638705.2479316,299404077.25294274,1658533.5474972655,0.005539448770085059,,,,,597213430.1885163,,,,,
277,2021-05-17T00:00:00+00:00,Unit Protocol,total,total,total,total,,0.5281671806488129,337644047.47274363,111385357.85140519,337644047.47274363,627320.970373482,0.0018579358204859884,,,,,525970334.42339945,,,,,
278,2021-05-16T00:00:00+00:00,Unit Protocol,total,total,total,total,,0.5060288793563462,323491586.04305536,107125449.05778475,323491586.04305536,1983333.8943131194,0.00613102157794344,,,,,553858800.821348,,,,,
279,2021-05-15T00:00:00+00:00,Unit Protocol,total,total,total,total,,0.5616286832474575,359035147.83995557,118980938.66228151,359035147.83995557,2883037.165856473,0.008029958022777266,,,,,544817717.6637331,,,,,
280,2021-05-14T00:00:00+00:00,Unit Protocol,total,total,total,total,,0.5288487675440255,338079768.9004198,111015403.1455543,338079768.9004198,2166373.258349455,0.0064078760624908995,,,,,605252300.841186,,,,,
281,2021-05-13T00:00:00+00:00,Unit Protocol,total,total,total,total,,0.4934487770075211,315449441.75559545,106906736.42927665,315449441.75559545,1801796.029268352,0.005711837748834411,,,,,516753870.278134,,,,,
282,2021-05-12T00:00:00+00:00,Unit Protocol,total,total,total,total,,0.5151552469848295,329325844.24330926,109208355.63473661,329325844.24330926,2058795.7839150105,0.006251546363284964,,,,,607574789.2358994,,,,,
283,2021-05-11T00:00:00+00:00,Unit Protocol,total,total,total,total,,0.4673117512961701,298740695.9769598,98724052.57936838,298740695.9769598,800829.5649289271,0.0026806845391787217,,,,,542017166.8388369,,,,,
284,2021-05-10T00:00:00+00:00,Unit Protocol,total,total,total,total,,0.5016938288900021,320720296.8772708,105213046.92454995,320720296.8772708,1757849.881758619,0.005480943672334186,,,,,560902918.1421738,,,,,
285,2021-05-09T00:00:00+00:00,Unit Protocol,total,total,total,total,,0.53200378935387,340096695.307002,111814891.43626998,340096695.307002,1987715.2670042247,0.005844559192819952,,,,,529093612.93941575,,,,,
286,2021-05-08T00:00:00+00:00,Unit Protocol,total,total,total,total,,0.47279688134153447,302247202.2069685,99110422.53469731,302247202.2069685,2011297.5441875933,0.006654478617176168,,,,,504688779.12240666,,,,,
287,2021-05-07T00:00:00+00:00,Unit Protocol,total,total,total,total,,0.4928148124450906,315044164.09227985,105031296.46729569,315044164.09227985,2443136.6096684444,0.0077549019728955304,,,,,500845365.1272925,,,,,
288,2021-05-06T00:00:00+00:00,Unit Protocol,total,total,total,total,,0.5543301229565435,354369361.0822081,116685320.28212504,354369361.0822081,3560535.756192192,0.010047527092406286,,,,,488676541.4622501,,,,,
289,2021-05-05T00:00:00+00:00,Unit Protocol,total,total,total,total,,0.49259323956048107,314902518.0977713,105095806.36895804,314902518.0977713,3172556.0775692295,0.010074724383703437,,,,,438213237.459789,,,,,
290,2021-05-04T00:00:00+00:00,Unit Protocol,total,total,total,total,,0.5823094555335318,372255847.48841625,123284309.59928663,372255847.48841625,4634858.102841742,0.012450732833648687,,,,,451071193.2569749,,,,,
291,2021-05-03T00:00:00+00:00,Unit Protocol,total,total,total,total,,0.5051236725712782,322912910.02169657,106601309.12398131,322912910.02169657,3263099.6635601376,0.010105200387748169,,,,,438269331.4069235,,,,,
292,2021-05-02T00:00:00+00:00,Unit Protocol,total,total,total,total,,0.557551825062804,356428914.5318809,118478218.62253775,356428914.5318809,3418185.762400819,0.009590091103832368,,,,,441085078.82039386,,,,,
293,2021-05-01T00:00:00+00:00,Unit Protocol,total,total,total,total,,0.49555679894606586,316797047.3728495,104811320.78456102,316797047.3728495,3871045.685381771,0.012219323751543056,,,,,385369904.8351265,,,,,
294,2021-04-30T00:00:00+00:00,Unit Protocol,total,total,total,total,,0.5132063902737647,328079988.96873504,109469249.4590372,328079988.96873504,3474024.7389737056,0.010588956522138778,,,,,361511566.56379545,,,,,
295,2021-04-29T00:00:00+00:00,Unit Protocol,total,total,total,total,,0.5085999878289044,325135231.28072345,110124334.51367153,325135231.28072345,4440079.925870585,0.01365610213442848,,,,,372996772.8417119,,,,,
296,2021-04-28T00:00:00+00:00,Unit Protocol,total,total,total,total,,0.5789791604897581,370126873.2941529,121636449.75881028,370126873.2941529,5229192.75742288,0.014128108858680618,,,,,356492368.2176353,,,,,
297,2021-04-27T00:00:00+00:00,Unit Protocol,total,total,total,total,,0.4650816463355521,297315045.7419961,98873944.22040923,297315045.7419961,3238609.692538456,0.010892855033474676,,,,,316763958.10024756,,,,,
298,2021-04-26T00:00:00+00:00,Unit Protocol,total,total,total,total,,0.4295995337616984,274632220.03593355,91657670.58015841,274632220.03593355,3296470.435842048,0.012003218105329118,,,,,279969251.778546,,,,,
299,2021-04-25T00:00:00+00:00,Unit Protocol,total,total,total,total,,0.4277685882822371,273461742.45792913,92382283.40217051,273461742.45792913,3416994.098784343,0.012495327748853324,,,,,268373943.09427294,,,,,
300,2021-04-24T00:00:00+00:00,Unit Protocol,total,total,total,total,,0.36034869411758785,230361893.05423757,77214346.78097174,230361893.05423757,3256374.576546852,0.014135908215427604,,,,,286331214.5746463,,,,,
301,2021-04-23T00:00:00+00:00,Unit Protocol,total,total,total,total,,0.40297996583308393,257614997.10596648,86103760.63071188,257614997.10596648,2626970.503269153,0.01019727318976148,,,,,290981588.7691905,,,,,
302,2021-04-22T00:00:00+00:00,Unit Protocol,total,total,total,total,,0.39375220309179054,251715919.55014205,83793947.84249848,251715919.55014205,2791316.017898422,0.011089151702788467,,,,,293860204.40691316,,,,,
303,2021-04-21T00:00:00+00:00,Unit Protocol,total,total,total,total,,0.40436784650008234,258502234.44857997,85988234.19118382,258502234.44857997,3708823.274432771,0.014347354800797718,,,,,314834618.1302582,,,,,
304,2021-04-20T00:00:00+00:00,Unit Protocol,total,total,total,total,,0.40138442507999117,256595007.87240568,85276374.59204748,256595007.87240568,675676.3000751828,0.00263324023985365,,,,,302790371.9121395,,,,,
305,2021-04-19T00:00:00+00:00,Unit Protocol,total,total,total,total,,0.4379450575975096,279967304.36045,92952601.39604804,279967304.36045,3171870.1579106203,0.011329430646040464,,,,,324552699.0060638,,,,,
306,2021-04-18T00:00:00+00:00,Unit Protocol,total,total,total,total,,0.4280395897119897,273634986.88311315,91442926.78064065,273634986.88311315,5226387.594576677,0.01909985142656191,,,,,334957179.53592527,,,,,
307,2021-04-17T00:00:00+00:00,Unit Protocol,total,total,total,total,,0.4337734228479819,277300482.7686991,91965492.62613659,277300482.7686991,3869157.793885812,0.013952942869966586,,,,,339270985.1084935,,,,,
308,2021-04-16T00:00:00+00:00,Unit Protocol,total,total,total,total,,0.3560651772898521,227623548.05264616,75628322.09961195,227623548.05264616,1803241.1172392168,0.007922032376114937,,,,,338046676.12051153,,,,,
309,2021-04-15T00:00:00+00:00,Unit Protocol,total,total,total,total,,0.32774703148325557,209520466.8363596,70178266.80468847,209520466.8363596,2321212.859399255,0.011078692666393192,,,,,331339545.86633766,,,,,
310,2021-04-14T00:00:00+00:00,Unit Protocol,total,total,total,total,,0.37353028992577897,238788557.04225758,78170638.03797829,238788557.04225758,2277165.8304501846,0.009536327279063053,,,,,306472812.4229251,,,,,
311,2021-04-13T00:00:00+00:00,Unit Protocol,total,total,total,total,,0.3772783921249447,241184624.884476,79427701.55167577,241184624.884476,2906698.802799121,0.01205175829177083,,,,,301805554.0306238,,,,,
312,2021-04-12T00:00:00+00:00,Unit Protocol,total,total,total,total,,0.40223920958396425,257141450.19258904,82896247.87983102,257141450.19258904,2501978.106733785,0.009729968096780584,,,,,300549186.2995179,,,,,
313,2021-04-11T00:00:00+00:00,Unit Protocol,total,total,total,total,,0.36971143349679125,236347257.7933781,77936235.5757683,236347257.7933781,5486688.113104322,0.023214519873553812,,,,,291272395.2771673,,,,,
314,2021-04-10T00:00:00+00:00,Unit Protocol,total,total,total,total,,0.2638584873494732,168678121.04355162,55300097.72902069,168678121.04355162,859211.1117497254,0.0050937911000792,,,,,272298787.633163,,,,,
315,2021-04-09T00:00:00+00:00,Unit Protocol,total,total,total,total,,0.26072720904937563,166676373.26795194,54715355.54276268,166676373.26795194,1686816.569652605,0.010120310015030436,,,,,272700417.3497778,,,,,
316,2021-04-08T00:00:00+00:00,Unit Protocol,total,total,total,total,,0.23418010019952407,149705471.61186564,49222948.87577201,149705471.61186564,902072.8291809339,0.006025650361796367,,,,,256590755.04698336,,,,,
317,2021-04-07T00:00:00+00:00,Unit Protocol,total,total,total,total,,0.2561658158392474,163760388.85617828,54229668.06897191,163760388.85617828,1684333.3980155063,0.010285352946338954,,,,,270286323.57602376,,,,,
318,2021-04-06T00:00:00+00:00,Unit Protocol,total,total,total,total,,0.25892803891922944,165526208.87476042,54718323.15784783,165526208.87476042,1935558.0623678619,0.011693363096549465,,,,,271944203.579481,,,,,
319,2021-04-05T00:00:00+00:00,Unit Protocol,total,total,total,total,,0.27809479421047834,177779035.38606903,58455657.523182906,177779035.38606903,1916084.3038498398,0.010777897965802476,,,,,261647582.1,,,,,
320,2021-04-04T00:00:00+00:00,Unit Protocol,total,total,total,total,,0.2512544073770274,160620648.46197444,51344214.6151734,160620648.46197444,1559846.399847169,0.009711369084756553,,,,,255467107.75,,,,,
321,2021-04-03T00:00:00+00:00,Unit Protocol,total,total,total,total,,0.2660205213537611,170060255.22137904,54457479.09292143,170060255.22137904,1997393.992198201,0.011745213422137094,,,,,280983202.96,,,,,
322,2021-04-02T00:00:00+00:00,Unit Protocol,total,total,total,total,,0.24585660822352498,157169970.68340692,49947755.52287534,157169970.68340692,1674710.5272976356,0.010655410317986664,,,,,271029447.9,,,,,
323,2021-04-01T00:00:00+00:00,Unit Protocol,total,total,total,total,,0.2734766578372505,174826776.49159876,55493121.17787324,174826776.49159876,1972085.5389441424,0.011280225938610212,,,,,259390398.86,,,,,
324,2021-03-31T00:00:00+00:00,Unit Protocol,total,total,total,total,,0.2659848062228133,170037423.43286383,54077046.9831414,170037423.43286383,1892747.9661960714,0.011131361132059193,,,,,265276407.96,,,,,
325,2021-03-30T00:00:00+00:00,Unit Protocol,total,total,total,total,,0.29214312762849665,186759783.01540768,59073812.316535525,186759783.01540768,2575192.129858185,0.013788793755697026,,,,,267081764.67,,,,,
326,2021-03-29T00:00:00+00:00,Unit Protocol,total,total,total,total,,0.28673372412338594,183301686.8655576,58391411.47504458,183301686.8655576,1977943.08910306,0.010790643135509058,,,,,249931871.43,,,,,
327,2021-03-28T00:00:00+00:00,Unit Protocol,total,total,total,total,,0.30073465179599296,192252129.18941617,61315968.027108304,192252129.18941617,1838036.3359291633,0.009560551259841914,,,,,247112784.55,,,,,
328,2021-03-27T00:00:00+00:00,Unit Protocol,total,total,total,total,,0.2966195469119267,189621445.72452506,59929857.55469328,189621445.72452506,2076336.7952940066,0.010949904887395653,,,,,251930828.57,,,,,
329,2021-03-26T00:00:00+00:00,Unit Protocol,total,total,total,total,,0.31505545887547926,201407062.4047936,64021165.61141179,201407062.4047936,2073665.402004653,0.01029589219586025,,,,,226108340.47,,,,,
330,2021-03-25T00:00:00+00:00,Unit Protocol,total,total,total,total,,0.3055121147675445,195306241.58690414,60709223.02918177,195306241.58690414,2533411.8051846516,0.012971484088783593,,,,,227513244.69,,,,,
331,2021-03-24T00:00:00+00:00,Unit Protocol,total,total,total,total,,0.2868516207609321,183377055.23251224,58296647.7638541,183377055.23251224,1724503.2601235039,0.009404138690835265,,,,,221507921.35,,,,,
332,2021-03-23T00:00:00+00:00,Unit Protocol,total,total,total,total,,0.2996898843895128,191584235.55892166,61558494.0469757,191584235.55892166,1988540.4798232925,0.010379457756646775,,,,,228151504.22,,,,,
333,2021-03-22T00:00:00+00:00,Unit Protocol,total,total,total,total,,0.31709983558544524,202713981.2217939,64840787.715048246,202713981.2217939,2058381.1299330161,0.010154115258981054,,,,,237849433.81,,,,,
334,2021-03-21T00:00:00+00:00,Unit Protocol,total,total,total,total,,0.33931505841619986,216915616.66394818,68636478.09044495,216915616.66394818,2521755.0906019104,0.01162551193586345,,,,,258492270.33,,,,,
335,2021-03-20T00:00:00+00:00,Unit Protocol,total,total,total,total,,0.33870979490629344,216528686.8645212,67795370.18156306,216528686.8645212,2196315.628212708,0.010143300917845174,,,,,260580859.98,,,,,
336,2021-03-19T00:00:00+00:00,Unit Protocol,total,total,total,total,,0.31280697315453015,199969661.81020662,63514284.03266012,199969661.81020662,1996356.971814443,0.009983299235207023,,,,,259671739.33,,,,,
337,2021-03-18T00:00:00+00:00,Unit Protocol,total,total,total,total,,0.3283900799565388,209931551.61632225,68062736.46405232,209931551.61632225,3117744.7225902136,0.014851244124981773,,,,,247225410.3,,,,,
338,2021-03-17T00:00:00+00:00,Unit Protocol,total,total,total,total,,0.3274302456443964,209317953.58537897,67081903.834473155,209317953.58537897,3119352.7465555463,0.014902461509510169,,,,,239850279.39,,,,,
339,2021-03-16T00:00:00+00:00,Unit Protocol,total,total,total,total,,0.3319179810865066,212186850.43125948,68090747.64290097,212186850.43125948,2391536.504450348,0.011270898736607223,,,,,219997937.66,,,,,
340,2021-03-15T00:00:00+00:00,Unit Protocol,total,total,total,total,,0.3345440365221893,213865621.8859767,68313840.49258366,213865621.8859767,2966356.194819948,0.013870187123395984,,,,,210341100.18,,,,,
341,2021-03-14T00:00:00+00:00,Unit Protocol,total,total,total,total,,0.3655855199877454,233709664.64530444,74214496.15972434,233709664.64530444,3594702.6177812815,0.015381061041000916,,,,,232280385.57,,,,,
342,2021-03-13T00:00:00+00:00,Unit Protocol,total,total,total,total,,0.32346108815398794,206780570.63312516,64627062.70503576,206780570.63312516,2917997.0868046232,0.014111563179607434,,,,,207147824.04,,,,,
343,2021-03-12T00:00:00+00:00,Unit Protocol,total,total,total,total,,0.36127312199322387,230952856.63728896,72373079.86649278,230952856.63728896,4218251.28139791,0.01826455555829156,,,,,207171815.92,,,,,
344,2021-03-11T00:00:00+00:00,Unit Protocol,total,total,total,total,,0.3933686405461165,251470717.62331796,80193354.88610254,251470717.62331796,6126962.025021649,0.024364514814799725,,,,,208754918.09,,,,,
345,2021-03-10T00:00:00+00:00,Unit Protocol,total,total,total,total,,0.30617971157706947,195733019.5032658,62022984.806974076,195733019.5032658,3455115.361518898,0.01765218444127282,,,,,211096019.24,,,,,
346,2021-03-09T00:00:00+00:00,Unit Protocol,total,total,total,total,,0.280801733326649,179509513.75150514,56891346.91124166,179509513.75150514,3355594.4100385704,0.01869312851397791,,,,,164948201.05,,,,,
347,2021-03-08T00:00:00+00:00,Unit Protocol,total,total,total,total,,0.2857720536916498,182686915.0493547,57974177.820929356,182686915.0493547,3055826.040720716,0.016727120494071258,,,,,158789937.03,,,,,
348,2021-03-07T00:00:00+00:00,Unit Protocol,total,total,total,total,,0.2910410341987334,186055242.29430255,58970444.83157294,186055242.29430255,2969409.948391023,0.015959829520385157,,,,,145929740.75,,,,,
349,2021-03-06T00:00:00+00:00,Unit Protocol,total,total,total,total,,0.3160527514693792,202044606.57689708,63995669.03956902,202044606.57689708,3483515.9983945186,0.017241321396365566,,,,,149060081.16,,,,,
350,2021-03-05T00:00:00+00:00,Unit Protocol,total,total,total,total,,0.3250002513789914,207764519.1252919,65796434.65460628,207764519.1252919,3722333.5929795564,0.017916117769535094,,,,,107968837.49,,,,,
351,2021-03-04T00:00:00+00:00,Unit Protocol,total,total,total,total,,0.30071360860996343,192238676.80774033,77018831.55827905,192238676.80774033,3619424.055874333,0.0188277620090683,,,,,107968837.49,,,,,
352,2021-03-03T00:00:00+00:00,Unit Protocol,total,total,total,total,,0.31770112506719167,203098370.52457157,81230955.03636296,203098370.52457157,4842844.145021607,0.02384482028345817,,,,,97795306.78,,,,,
353,2021-03-02T00:00:00+00:00,Unit Protocol,total,total,total,total,,0.34584508432498184,221090098.64375347,70177779.07311852,221090098.64375347,5753653.778919617,0.02602402284957403,,,,,83107492.46,,,,,
354,2021-03-01T00:00:00+00:00,Unit Protocol,total,total,total,total,,0.2056909334381818,131493060.98345606,41961000.67431776,131493060.98345606,2738841.448314721,0.020828790719681484,,,,,48930142.81,,,,,
355,2021-02-28T00:00:00+00:00,Unit Protocol,total,total,total,total,,0.21825986247337212,139528062.45141196,42425847.40241618,139528062.45141196,2414283.507720048,0.01730321101936592,,,,,50385309.82,,,,,
356,2021-02-27T00:00:00+00:00,Unit Protocol,total,total,total,total,,0.18466115117264692,118049247.99817514,37534368.168631256,118049247.99817514,1836676.5956400111,0.015558562437165236,,,,,41578740.55,,,,,
357,2021-02-26T00:00:00+00:00,Unit Protocol,total,total,total,total,,0.21509549564096836,137505162.00600976,44180738.97679186,137505162.00600976,2641421.5153158605,0.01920961712841308,,,,,43981008.69,,,,,
358,2021-02-25T00:00:00+00:00,Unit Protocol,total,total,total,total,,0.2504237886083802,160089654.69100904,50792645.45586322,160089654.69100904,2584683.6506074965,0.016145225971011215,,,,,47904363.49,,,,,
359,2021-02-24T00:00:00+00:00,Unit Protocol,total,total,total,total,,0.2573721389831431,164531561.0224697,51347882.25819378,164531561.0224697,2776410.699439394,0.016874639018712195,,,,,50009880.8,,,,,
360,2021-02-23T00:00:00+00:00,Unit Protocol,total,total,total,total,,0.2874760546587693,183776240.18070596,58093238.47980708,183776240.18070596,2423175.7262596553,0.013185467957538813,,,,,96554295.49,,,,,
361,2021-02-22T00:00:00+00:00,Unit Protocol,total,total,total,total,,0.2883780932753521,184352890.87131795,58691607.41038951,184352890.87131795,3108582.8160164766,0.016862132192905673,,,,,88372605.11,,,,,
362,2021-02-21T00:00:00+00:00,Unit Protocol,total,total,total,total,,0.3111349160347784,198900757.58025223,62997928.49806132,198900757.58025223,3290456.785612297,0.016543208913041306,,,,,80361493.69,,,,,
363,2021-02-20T00:00:00+00:00,Unit Protocol,total,total,total,total,,0.3026708021837893,193489861.629831,61506747.79962297,193489861.629831,3878810.9268693724,0.020046584840140085,,,,,80716606.61,,,,,
364,2021-02-19T00:00:00+00:00,Unit Protocol,total,total,total,total,,0.35813444171446224,228946376.96215633,73139029.87599204,228946376.96215633,7017009.420865164,0.030649139392256206,,,,,82634959.02,,,,,
365,2021-02-18T00:00:00+00:00,Unit Protocol,total,total,total,total,,0.3701026969001218,236597382.68558782,74399376.61918892,236597382.68558782,9059058.919277199,0.038288922795548005,,,,,76573244.43,,,,,
366,2021-02-17T00:00:00+00:00,Unit Protocol,total,total,total,total,,0.18060028953863488,115453240.88419604,36575402.22151498,115453240.88419604,2133904.0989781604,0.01848284277371258,,,,,56675739.37,,,,,
367,2021-02-16T00:00:00+00:00,Unit Protocol,total,total,total,total,,0.22672331758078282,144938537.28356573,46253938.61590039,144938537.28356573,2988458.190803249,0.020618796400273205,,,,,56031316.95,,,,,
368,2021-02-15T00:00:00+00:00,Unit Protocol,total,total,total,total,,0.23802424676394685,152162938.21078554,48360392.39640247,152162938.21078554,2746801.9220842845,0.018051714526432474,,,,,54338700.22,,,,,
369,2021-02-14T00:00:00+00:00,Unit Protocol,total,total,total,total,,0.2033981122509391,130027317.83591537,41289420.3025327,130027317.83591537,2790335.4930939847,0.021459609715361327,,,,,53018328.38,,,,,
370,2021-02-13T00:00:00+00:00,Unit Protocol,total,total,total,total,,0.190592902313128,121841267.90598689,38604462.73280726,121841267.90598689,2906474.986931965,0.023854602277896604,,,,,49602617.05,,,,,
371,2021-02-12T00:00:00+00:00,Unit Protocol,total,total,total,total,,0.15775861431180102,100851130.11848727,30032964.23861848,100851130.11848727,2281479.22238528,0.022622247462223095,,,,,38016322.26,,,,,
372,2021-02-11T00:00:00+00:00,Unit Protocol,total,total,total,total,,0.17623631716804736,112663462.6695513,34683241.171834156,112663462.6695513,4680271.701903825,0.04154205446029422,,,,,28607383.16,,,,,
373,2021-02-10T00:00:00+00:00,Unit Protocol,total,total,total,total,,0.10119390415104278,64690727.91526876,20480323.427839894,64690727.91526876,1764678.4067089525,0.027278691453593008,,,,,19762384.28,,,,,
374,2021-02-09T00:00:00+00:00,Unit Protocol,total,total,total,total,,0.07954513046923971,50851209.22392156,16048522.500328861,50851209.22392156,1233917.0087651587,0.024265244181935722,,,,,16989327.26,,,,,
375,2021-02-08T00:00:00+00:00,Unit Protocol,total,total,total,total,,0.051322784770684984,32809370.61681762,10458547.834076481,32809370.61681762,1079899.9642513369,0.032914376105032485,,,,,11236646.24,,,,,
376,2021-02-07T00:00:00+00:00,Unit Protocol,total,total,total,total,,0.06672839749848859,42657792.90769802,13232829.145714536,42657792.90769802,1514723.7105299367,0.03550872202430778,,,,,9233284.85,,,,,
377,2021-02-06T00:00:00+00:00,Unit Protocol,total,total,total,total,,0.03805995200253579,24330773.875363518,7641696.391688514,24330773.875363518,489487.7184609605,0.02011804971631414,,,,,,,,,,
378,2021-02-05T00:00:00+00:00,Unit Protocol,total,total,total,total,,0.037343098821673464,23872507.594727263,7769948.265628944,23872507.594727263,489320.3732236841,0.020497233953410098,,,,,,,,,,
379,2021-02-04T00:00:00+00:00,Unit Protocol,total,total,total,total,,0.03728673665469016,23836476.67330348,7489115.537469252,23836476.67330348,545990.3346023051,0.022905664376724207,,,,,,,,,,
380,2021-02-03T00:00:00+00:00,Unit Protocol,total,total,total,total,,0.03428743655272965,21919099.253586985,6844424.777973779,21919099.253586985,469648.3780172667,0.021426445155606034,,,,,,,,,,
381,2021-02-02T00:00:00+00:00,Unit Protocol,total,total,total,total,,0.02815056667140753,17995952.073185146,5572665.397224652,17995952.073185146,412691.67239229614,0.02293247229788009,,,,,,,,,,
382,2021-02-01T00:00:00+00:00,Unit Protocol,total,total,total,total,,0.02948757824521537,18850670.078843564,5899719.390732832,18850670.078843564,428076.5060763352,0.02270882171752467,,,,,,,,,,
383,2021-01-31T00:00:00+00:00,Unit Protocol,total,total,total,total,,0.025785241525522667,16483858.961181186,5150935.065553622,16483858.961181186,277897.28382122074,0.01685875161123724,,,,,,,,,,
384,2021-01-30T00:00:00+00:00,Unit Protocol,total,total,total,total,,0.024911075419619472,15925026.468412392,5001835.048233262,15925026.468412392,731383.7259979662,0.04592668825063999,,,,,,,,,,
385,2021-01-29T00:00:00+00:00,Unit Protocol,total,total,total,total,,0.03212881251315378,20539144.980776947,7728754.870825518,20539144.980776947,750608.7695133891,0.03654527830714964,,,,,,,,,,
386,2021-01-28T00:00:00+00:00,Unit Protocol,total,total,total,total,,0.039170049763743026,25040431.565044284,7422539.344152822,25040431.565044284,1345572.2973956948,0.05373598669417801,,,,,,,,,,
387,2021-01-27T00:00:00+00:00,Unit Protocol,total,total,total,total,,0.03930949799497826,25129577.325955328,6573367.863361982,25129577.325955328,1179482.8670823534,0.04693604081689481,,,,,,,,,,
388,2021-01-26T00:00:00+00:00,Unit Protocol,total,total,total,total,,0.022299701839662584,14255640.756265504,3616215.935211748,14255640.756265504,328429.2465748646,0.02303854678931331,,,,,,,,,,
389,2021-01-25T00:00:00+00:00,Unit Protocol,total,total,total,total,,0.01827534743943832,11682971.802304212,3307336.482280067,11682971.802304212,367666.9064260613,0.03147032387372081,,,,,,,,,,
390,2021-01-24T00:00:00+00:00,Unit Protocol,total,total,total,total,,0.01689191090864055,10798575.484633733,3465082.0227194377,10798575.484633733,289551.892466645,0.026813897155108516,,,,,,,,,,
391,2021-01-23T00:00:00+00:00,Unit Protocol,total,total,total,total,,0.017291817821660702,11054225.956059437,3137019.0216303365,11054225.956059437,278899.0086749895,0.025230080313503038,,,,,,,,,,
392,2021-01-22T00:00:00+00:00,Unit Protocol,total,total,total,total,,0.015724525392421095,10052295.168289201,3010568.960829328,10052295.168289201,340594.92634172185,0.03388230455231327,,,,,,,,,,
393,2021-01-21T00:00:00+00:00,Unit Protocol,total,total,total,total,,0.017399641650343356,11123155.028641524,3620893.7317360044,11123155.028641524,514248.6112779298,0.04623226143605545,,,,,,,,,,
394,2021-01-20T00:00:00+00:00,Unit Protocol,total,total,total,total,,0.018964561852461932,12123569.311039947,4297611.679796432,12123569.311039947,698990.1977882225,0.05765547916253582,,,,,,,,,,
395,2021-01-19T00:00:00+00:00,Unit Protocol,total,total,total,total,,0.021315869899979467,13626701.643200008,3269755.5750322463,13626701.643200008,420976.4134172822,0.030893493116682255,,,,,,,,,,
396,2021-01-18T00:00:00+00:00,Unit Protocol,total,total,total,total,,0.01671665972755441,10686541.7947827,3084768.2461558264,10686541.7947827,404204.5781961445,0.03782370255581484,,,,,,,,,,
397,2021-01-17T00:00:00+00:00,Unit Protocol,total,total,total,total,,0.01758142488115379,11239364.49424692,3622105.8628784153,11239364.49424692,382554.07802357466,0.03403698476185127,,,,,,,,,,
398,2021-01-16T00:00:00+00:00,Unit Protocol,total,total,total,total,,0.01987037527345367,12702633.139547955,3960568.9638337395,12702633.139547955,536111.8000712726,0.04220477708689862,,,,,,,,,,
399,2021-01-15T00:00:00+00:00,Unit Protocol,total,total,total,total,,0.020232927926585258,12934403.968388466,3680687.557642619,12934403.968388466,510428.35226315726,0.03946284293506205,,,,,,,,,,
400,2021-01-14T00:00:00+00:00,Unit Protocol,total,total,total,total,,0.01849330044794751,11822303.700703321,3410529.479809864,11822303.700703321,442074.14779707027,0.03739323223195246,,,,,,,,,,
401,2021-01-13T00:00:00+00:00,Unit Protocol,total,total,total,total,,0.017370742996020868,11104680.842873348,3206289.9728260925,11104680.842873348,215386.40150099053,0.019396001069154463,,,,,,,,,,
402,2021-01-12T00:00:00+00:00,Unit Protocol,total,total,total,total,,0.0169982616273356,10866562.834903624,3641427.929948768,10866562.834903624,518613.43103645457,0.04772561838695282,,,,,,,,,,
403,2021-01-11T00:00:00+00:00,Unit Protocol,total,total,total,total,,0.02020277315232073,12915126.776608404,5046192.349037958,12915126.776608404,568017.9223167707,0.043980824357493134,,,,,,,,,,
404,2021-01-10T00:00:00+00:00,Unit Protocol,total,total,total,total,,0.027010255108644427,17266979.457055654,5107356.6385969985,17266979.457055654,350298.9546227584,0.0202872167360817,,,,,,,,,,
405,2021-01-09T00:00:00+00:00,Unit Protocol,total,total,total,total,,0.025498252861796147,16300394.297813836,4943619.290363029,16300394.297813836,600881.7969462281,0.03686302220473383,,,,,,,,,,
406,2021-01-08T00:00:00+00:00,Unit Protocol,total,total,total,total,,0.02644748268127751,16907213.142252065,5336255.433160327,16907213.142252065,540898.1194431025,0.0319921512133403,,,,,,,,,,
407,2021-01-07T00:00:00+00:00,Unit Protocol,total,total,total,total,,0.029100165347477336,18603006.71840014,6065091.157498289,18603006.71840014,537618.0363324988,0.02889952384959059,,,,,,,,,,
408,2021-01-06T00:00:00+00:00,Unit Protocol,total,total,total,total,,0.029507242014017897,18863240.633641947,5530958.759593506,18863240.633641947,334262.27608981385,0.017720299633651945,,,,,,,,,,
409,2021-01-05T00:00:00+00:00,Unit Protocol,total,total,total,total,,0.02979559102557605,19047574.93329999,5421043.425812115,19047574.93329999,460475.9283492836,0.02417504222777751,,,,,,,,,,
410,2021-01-04T00:00:00+00:00,Unit Protocol,total,total,total,total,,0.029947866226625517,19144920.65468485,5649991.847323129,19144920.65468485,630863.7486889397,0.03295201688571974,,,,,,,,,,
411,2021-01-03T00:00:00+00:00,Unit Protocol,total,total,total,total,,0.027047817313180414,17290992.033444725,4524381.21048828,17290992.033444725,693994.7799551764,0.04013620378824027,,,,,,,,,,
412,2021-01-02T00:00:00+00:00,Unit Protocol,total,total,total,total,,0.021805186913963867,13939509.752359718,4223336.098832543,13939509.752359718,98111.0501706956,0.007038342948473284,,,,,,,,,,
413,2021-01-01T00:00:00+00:00,Unit Protocol,total,total,total,total,,0.024269446942622962,15514849.4565035,4878260.247612178,15514849.4565035,108100.04344672486,0.006967521260827419,,,,,,,,,,
414,2020-12-31T00:00:00+00:00,Unit Protocol,total,total,total,total,,0.022882638839201414,14628297.776915902,4341127.771724395,14628297.776915902,148183.95537488046,0.01012995207198484,,,,,,,,,,
415,2020-12-30T00:00:00+00:00,Unit Protocol,total,total,total,total,,0.021991335518651737,14058509.892127978,4212404.951676404,14058509.892127978,51289.43008449472,0.003648283529196369,,,,,,,,,,
416,2020-12-29T00:00:00+00:00,Unit Protocol,total,total,total,total,,0.0234506811145507,14991432.973519662,4619256.0745025575,14991432.973519662,68247.2375147268,0.004552415878807337,,,,,,,,,,
417,2020-12-28T00:00:00+00:00,Unit Protocol,total,total,total,total,,0.025450500537081994,16269867.432867564,5032520.949723346,16269867.432867564,183482.57771304436,0.011277447617205665,,,,,,,,,,
418,2020-12-27T00:00:00+00:00,Unit Protocol,total,total,total,total,,0.03415802868335808,21836372.04449427,7432186.083093032,21836372.04449427,100121.67016079873,0.004585087209394886,,,,,,,,,,
419,2020-12-26T00:00:00+00:00,Unit Protocol,total,total,total,total,,0.0389609439835665,24906755.47808633,7951549.2907498395,24906755.47808633,214261.95265056047,0.008602563783912932,,,,,,,,,,
420,2020-12-25T00:00:00+00:00,Unit Protocol,total,total,total,total,,0.0453377771861021,28983305.198418785,7639351.1220936375,28983305.198418785,220945.0095854088,0.0076231819688205435,,,,,,,,,,
421,2020-12-24T00:00:00+00:00,Unit Protocol,total,total,total,total,,0.03944165579645124,25214062.497751918,8170202.672687213,25214062.497751918,258831.43597597742,0.01026536029245802,,,,,,,,,,
422,2020-12-23T00:00:00+00:00,Unit Protocol,total,total,total,total,,0.051307290360809076,32799465.428734414,11129834.591843145,32799465.428734414,362043.583506875,0.011038094029108835,,,,,,,,,,
423,2020-12-22T00:00:00+00:00,Unit Protocol,total,total,total,total,,0.05958622738830588,38091982.47476164,11525266.835572703,38091982.47476164,741026.1848443311,0.01945359985753716,,,,,,,,,,
424,2020-12-21T00:00:00+00:00,Unit Protocol,total,total,total,total,,0.06801016638017161,43477195.644165725,13352870.778106282,43477195.644165725,525084.846903908,0.012077247373575024,,,,,,,,,,
425,2020-12-20T00:00:00+00:00,Unit Protocol,total,total,total,total,,0.07600391913680328,48587401.52998004,12940084.721768599,48587401.52998004,238077.34588354273,0.004899981031845078,,,,,,,,,,
426,2020-12-19T00:00:00+00:00,Unit Protocol,total,total,total,total,,0.0715632215465405,45748574.80444039,13183540.556032514,45748574.80444039,329538.41130222776,0.007203249777963412,,,,,,,,,,
427,2020-12-18T00:00:00+00:00,Unit Protocol,total,total,total,total,,0.07292632954857335,46619975.602921404,14131719.498048263,46619975.602921404,701240.0623201054,0.015041622249930194,,,,,,,,,,
428,2020-12-17T00:00:00+00:00,Unit Protocol,total,total,total,total,,0.08963981017385515,57304485.07726094,15288630.173456402,57304485.07726094,981470.6906281884,0.017127292729441992,,,,,,,,,,
429,2020-12-16T00:00:00+00:00,Unit Protocol,total,total,total,total,,0.09666193139205699,61793551.26089873,16260901.39885375,61793551.26089873,1688262.5547060054,0.02732101522338451,,,,,,,,,,
430,2020-12-15T00:00:00+00:00,Unit Protocol,total,total,total,total,,0.11173439928083694,71429002.40180267,0.0,71429002.40180267,1040268.561470258,0.014563671988844751,,,,,,,,,,
431,2020-12-14T00:00:00+00:00,Unit Protocol,total,total,total,total,,0.11298135323145257,72226148.82498783,0.0,72226148.82498783,334019.4898767803,0.004624633810756649,,,,,,,,,,
432,2020-12-13T00:00:00+00:00,Unit Protocol,total,total,total,total,,0.10523190486023742,67272120.61270113,0.0,67272120.61270113,334019.4898767803,0.0049651993550165665,,,,,,,,,,
